ref,nama,alamat,kota,provinsi
jbk-1,PT. Ades Alfindo Putrasetia,"Jl. Jababeka XIV Blok J 4 F, Kawasan Industri Jababeka, Kec. Cikarang Utara, Kabupaten Bekasi, Jawa Barat 17530",Kabupaten Bekasi,Jawa Barat
jbk-2,PT. Adian Cempaka Raayyanti,"Jl. Industri Selatan 2 Blok MM 15, Kawasan Industri Jababeka, Kec. Cikarang Utara, Kabupaten Bekasi, Jawa Barat 17530",Kabupaten Bekasi,Jawa Barat
jbk-3,PT. AE Autmtion Indonesia,"Jl. Jababeka XIV Blok J 5 P, Kawasan Industri Jababeka, Kec. Cikarang Utara, Kabupaten Bekasi, Jawa Barat 17530",Kabupaten Bekasi,Jawa Barat
jbk-4,PT. Aerosolindo Indah,"Jl. Jababeka IID Blok C 18 T, Kawasan Industri Jababeka, Kec. Cikarang Utara, Kabupaten Bekasi, Jawa Barat 17530",Kabupaten Bekasi,Jawa Barat
jbk-5,PT. Ahara Prima Desigen,"Jl. Jababeka XII Blok V2, Kawasan Industri Jababeka, Kec. Cikarang Utara, Kabupaten Bekasi, Jawa Barat 17530",Kabupaten Bekasi,Jawa Barat
jbk-6,PT. Air Liquide Indonesia,"Jl. Industri Selatan Blok PP 1, Kawasan Industri Jababeka, Kec. Cikarang Utara, Kabupaten Bekasi, Jawa Barat 17530",Kabupaten Bekasi,Jawa Barat
jbk-7,PT. aneka Gas Industri,"Jl. Industri Selatan 4 Blok PP 4 A, Kawasan Industri Jababeka, Kec. Cikarang Utara, Kabupaten Bekasi, Jawa Barat 17530",Kabupaten Bekasi,Jawa Barat
jbk-8,PT. Anjungan Parma,"Jl. Jababeka III Blok C 18 L, Kawasan Industri Jababeka, Kec. Cikarang Utara, Kabupaten Bekasi, Jawa Barat 17530",Kabupaten Bekasi,Jawa Barat
jbk-9,PT. Anser Raya Insonesia,"Jl. Jababeka Raya Blok F 34, Kawasan Industri Jababeka, Kec. Cikarang Utara, Kabupaten Bekasi, Jawa Barat 17530",Kabupaten Bekasi,Jawa Barat
jbk-10,PT. Anugrah Yonaseprima,"Jl. Jababeka Blok C 18, Kawasan Industri Jababeka, Kec. Cikarang Utara, Kabupaten Bekasi, Jawa Barat 17530",Kabupaten Bekasi,Jawa Barat
jbk-11,PT. Arlene Jayamandiri,"Jl. Jababeka IIG Blok C16 V, Kawasan Industri Jababeka, Kec. Cikarang Utara, Kabupaten Bekasi, Jawa Barat 17530",Kabupaten Bekasi,Jawa Barat
jbk-12,PT. ART WIRE,"Jl. Industri Selatan X Blok EE 11 H, Kawasan Industri Jababeka, Kec. Cikarang Utara, Kabupaten Bekasi, Jawa Barat 17530",Kabupaten Bekasi,Jawa Barat
jbk-13,PT. Arvico Electronics Indonesia,"Jl. Jababeka IVC Blok T 2 F, Kawasan Industri Jababeka, Kec. Cikarang Utara, Kabupaten Bekasi, Jawa Barat 17530",Kabupaten Bekasi,Jawa Barat
jbk-14,PT. Asahi Cipta Prima,"Jl. Industri Selatan 1 Blok OO 3 D, Kawasan Industri Jababeka, Kec. Cikarang Utara, Kabupaten Bekasi, Jawa Barat 17530",Kabupaten Bekasi,Jawa Barat
jbk-15,PT. Asahi Diamond Industrial indonesia,"Jl. Jababeka XVIIA Blok V 83 B, Kawasan Industri Jababeka, Kec. Cikarang Utara, Kabupaten Bekasi, Jawa Barat 17530",Kabupaten Bekasi,Jawa Barat
jbk-16,PT. Asia Channel Otoparts (Uninda Aneka Sarana),"Jl. Jababeka II Blok C 19 K, Kawasan Industri Jababeka, Kec. Cikarang Utara, Kabupaten Bekasi, Jawa Barat 17530",Kabupaten Bekasi,Jawa Barat
jbk-17,PT. Asia Dwisindo Jaya,"Jl. Jababeka IIG Blok C 16 P, Kawasan Industri Jababeka, Kec. Cikarang Utara, Kabupaten Bekasi, Jawa Barat 17530",Kabupaten Bekasi,Jawa Barat
jbk-18,PT. Asia Honda Indonesia (Taiwan),"Jl. Jababeka XIV Blok J 11 G, Kawasan Industri Jababeka, Kec. Cikarang Utara, Kabupaten Bekasi, Jawa Barat 17530",Kabupaten Bekasi,Jawa Barat
jbk-19,PT. Asia linkindo,"Jl. Jababeka VIIA Blok B 11 E, Kawasan Industri Jababeka, Kec. Cikarang Utara, Kabupaten Bekasi, Jawa Barat 17530",Kabupaten Bekasi,Jawa Barat
jbk-20,PT. Asianet Spring Indonesia,"Jl. Industri Utama 1 Blok RR 3 D-E, Kawasan Industri Jababeka, Kec. Cikarang Utara, Kabupaten Bekasi, Jawa Barat 17530",Kabupaten Bekasi,Jawa Barat
jbk-21,PT. Asiatec Fujisawa Mfg. (United Steel Center Indonesia) (Nicorindo Baja),"Jl. Jababeka IXD Blok P 2 P, Kawasan Industri Jababeka, Kec. Cikarang Utara, Kabupaten Bekasi, Jawa Barat 17530",Kabupaten Bekasi,Jawa Barat
jbk-22,PT. Asiatec Fujisawa Mfg. Indonesia,"Jl. Jababeka IXB Blok P 2 P, Kawasan Industri Jababeka, Kec. Cikarang Utara, Kabupaten Bekasi, Jawa Barat 17530",Kabupaten Bekasi,Jawa Barat
jbk-23,PT. Assindo Perniagaan Internasional,"Jl. Jababeka IXD Blok K 8 E, Kawasan Industri Jababeka, Kec. Cikarang Utara, Kabupaten Bekasi, Jawa Barat 17530",Kabupaten Bekasi,Jawa Barat
jbk-24,PT. Assosiasi Perdagangan Intrnasional,"Jl. Jababeka XIB Blok K 8 E, Kawasan Industri Jababeka, Kec. Cikarang Utara, Kabupaten Bekasi, Jawa Barat 17530",Kabupaten Bekasi,Jawa Barat
jbk-25,PT. Astech Indonesia,"Jl. Jababeka IIID Blok C 18 N, Kawasan Industri Jababeka, Kec. Cikarang Utara, Kabupaten Bekasi, Jawa Barat 17530",Kabupaten Bekasi,Jawa Barat
jbk-26,PT. Asti Panji Dikatama,"Jl. Jababeka IIH Blok CC 11, Kawasan Industri Jababeka, Kec. Cikarang Utara, Kabupaten Bekasi, Jawa Barat 17530",Kabupaten Bekasi,Jawa Barat
jbk-27,PT. Ausdoc Geoservices Indonesia (Peter Arista Pramana),"Jl. Industri Utara 1 Blok SS 12, Kawasan Industri Jababeka, Kec. Cikarang Utara, Kabupaten Bekasi, Jawa Barat 17530",Kabupaten Bekasi,Jawa Barat
jbk-28,PT. Avery Denison Indonesia,"Jl. Jababeka IV D Blok V 81 D, Kawasan Industri Jababeka, Kec. Cikarang Utara, Kabupaten Bekasi, Jawa Barat 17530",Kabupaten Bekasi,Jawa Barat
jbk-29,PT. Avesta Welding Products,"Jl. Industri Selatan 2 Blok JJ 7, Kawasan Industri Jababeka, Kec. Cikarang Utara, Kabupaten Bekasi, Jawa Barat 17530",Kabupaten Bekasi,Jawa Barat
jbk-30,PT. Aviesta Wedding Produc,"Jl. Industri Selatan 2 Blok JJ 7,8, Kawasan Industri Jababeka, Kec. Cikarang Utara, Kabupaten Bekasi, Jawa Barat 17530",Kabupaten Bekasi,Jawa Barat
jbk-31,PT. Ayumas Saddasa,"Jl. Jababeka IIIH Blok C 17 T, Kawasan Industri Jababeka, Kec. Cikarang Utara, Kabupaten Bekasi, Jawa Barat 17530",Kabupaten Bekasi,Jawa Barat
jbk-32,PT. Ayumas Saddesa,"Jl. Jababeka IIIH Blok C 17 T, Kawasan Industri Jababeka, Kec. Cikarang Utara, Kabupaten Bekasi, Jawa Barat 17530",Kabupaten Bekasi,Jawa Barat
jbk-33,PT. Bali Asri Nusa,"Jl. Jababeka XII Blok W 9, Kawasan Industri Jababeka, Kec. Cikarang Utara, Kabupaten Bekasi, Jawa Barat 17530",Kabupaten Bekasi,Jawa Barat
jbk-34,PT. Bangkit Maju Wijaya (Rudi Julianto Kuswandi),"Jl. Industri Selatan 1 Blok OO 2 E, Kawasan Industri Jababeka, Kec. Cikarang Utara, Kabupaten Bekasi, Jawa Barat 17530",Kabupaten Bekasi,Jawa Barat
jbk-35,PT. Bank Negara Indonesia 46,"Jl. Jababeka Raya Blok A 1 B, Kawasan Industri Jababeka, Kec. Cikarang Utara, Kabupaten Bekasi, Jawa Barat 17530",Kabupaten Bekasi,Jawa Barat
jbk-36,PT. Banshu Electric Indonesia,"Jl. Jababeka VI Blok U 9 B, Kawasan Industri Jababeka, Kec. Cikarang Utara, Kabupaten Bekasi, Jawa Barat 17530",Kabupaten Bekasi,Jawa Barat
jbk-37,PT. Banshu Plastic Indonesia,"Jl. Jababeka XIV Blok J 12 B, Kawasan Industri Jababeka, Kec. Cikarang Utara, Kabupaten Bekasi, Jawa Barat 17530",Kabupaten Bekasi,Jawa Barat
jbk-38,PT. Batawell,"Jl. Industri Selatan 2 Blok MM 5, Kawasan Industri Jababeka, Kec. Cikarang Utara, Kabupaten Bekasi, Jawa Barat 17530",Kabupaten Bekasi,Jawa Barat
jbk-39,PT. Belivingindo Sejahtera,"Jl. Jababeka IIE Blok C 15 L, Kawasan Industri Jababeka, Kec. Cikarang Utara, Kabupaten Bekasi, Jawa Barat 17530",Kabupaten Bekasi,Jawa Barat
jbk-40,PT. Berlei Indonesia,"Jl. Jababeka XIIB Blok W 39, Kawasan Industri Jababeka, Kec. Cikarang Utara, Kabupaten Bekasi, Jawa Barat 17530",Kabupaten Bekasi,Jawa Barat
jbk-41,PT. Bernadi Patria Selaras,"Jl. Jababeka VI A Blok J 6 A, Kawasan Industri Jababeka, Kec. Cikarang Utara, Kabupaten Bekasi, Jawa Barat 17530",Kabupaten Bekasi,Jawa Barat
jbk-42,PT. Bernadi Utama,"Jl. Jababeka II Blok C 26, Kawasan Industri Jababeka, Kec. Cikarang Utara, Kabupaten Bekasi, Jawa Barat 17530",Kabupaten Bekasi,Jawa Barat
jbk-43,PT. Bernard M. H. Yeo,"Jl. Jababeka XVIID Blok U 28 D, Kawasan Industri Jababeka, Kec. Cikarang Utara, Kabupaten Bekasi, Jawa Barat 17530",Kabupaten Bekasi,Jawa Barat
jbk-44,PT. Bestarindo Mandiri (Primasakti Globalindo),"Jl. Jababeka VIIB Blok K 2 M, Kawasan Industri Jababeka, Kec. Cikarang Utara, Kabupaten Bekasi, Jawa Barat 17530",Kabupaten Bekasi,Jawa Barat
jbk-45,PT. Betso Tech Indonesia (Putra Kandaga Lestari),"Jl. Industri Selatan 1 Blok OO 2 B, Kawasan Industri Jababeka, Kec. Cikarang Utara, Kabupaten Bekasi, Jawa Barat 17530",Kabupaten Bekasi,Jawa Barat
jbk-46,PT. Bigjoe Chemicals Indonesia,"Jl. Jababeka XIVA Blok J 3 B, Kawasan Industri Jababeka, Kec. Cikarang Utara, Kabupaten Bekasi, Jawa Barat 17530",Kabupaten Bekasi,Jawa Barat
jbk-47,PT. Bina Jaya Optimal,"Jl. Jababeka III H Blok C 17 W, Kawasan Industri Jababeka, Kec. Cikarang Utara, Kabupaten Bekasi, Jawa Barat 17530",Kabupaten Bekasi,Jawa Barat
jbk-48,PT. Bina Mentari Tunggal,"Jl. Industri Utama Blok RR 2 F, Kawasan Industri Jababeka, Kec. Cikarang Utara, Kabupaten Bekasi, Jawa Barat 17530",Kabupaten Bekasi,Jawa Barat
jbk-49,PT. Bina Niaga Multiusaha,"Jl. Industri Selatan 4 Blok PP 4, Kawasan Industri Jababeka, Kec. Cikarang Utara, Kabupaten Bekasi, Jawa Barat 17530",Kabupaten Bekasi,Jawa Barat
jbk-50,PT. Bina Reksi Utama,"Jl. Jababeka VII Blok K 21, Kawasan Industri Jababeka, Kec. Cikarang Utara, Kabupaten Bekasi, Jawa Barat 17530",Kabupaten Bekasi,Jawa Barat
jbk-51,PT. Binkomara Huma,"Jl. Jababeka II C Blok C 14 E K, Kawasan Industri Jababeka, Kec. Cikarang Utara, Kabupaten Bekasi, Jawa Barat 17530",Kabupaten Bekasi,Jawa Barat
jbk-52,PT. Binkorama Huma,"Jl. Jababeka IIC Blok C 14 E, Kawasan Industri Jababeka, Kec. Cikarang Utara, Kabupaten Bekasi, Jawa Barat 17530",Kabupaten Bekasi,Jawa Barat
jbk-53,PT. Bintang Abadi Sejahtera,"Jl. Jababeka IIIH Blok C 17 AT, Kawasan Industri Jababeka, Kec. Cikarang Utara, Kabupaten Bekasi, Jawa Barat 17530",Kabupaten Bekasi,Jawa Barat
jbk-54,PT. Birotika Semesta,"Jl. Jababeka IXA Blok P 2 B, Kawasan Industri Jababeka, Kec. Cikarang Utara, Kabupaten Bekasi, Jawa Barat 17530",Kabupaten Bekasi,Jawa Barat
jbk-55,PT. Block Buster Besrati,"Jl. Industri Selatan I Blok 004 B, Kawasan Industri Jababeka, Kec. Cikarang Utara, Kabupaten Bekasi, Jawa Barat 17530",Kabupaten Bekasi,Jawa Barat
jbk-56,PT. Block Buster Bestari (Pro Millenium Media),"Jl. Industri Selatan 1 Blok OO 4 B, Kawasan Industri Jababeka, Kec. Cikarang Utara, Kabupaten Bekasi, Jawa Barat 17530",Kabupaten Bekasi,Jawa Barat
jbk-57,PT. Blu Box Farnaz (Muara Tirta Boga),"Jl. Jababeka VIIC Blok R 1 K, Kawasan Industri Jababeka, Kec. Cikarang Utara, Kabupaten Bekasi, Jawa Barat 17530",Kabupaten Bekasi,Jawa Barat
jbk-58,PT. BOC Gases Indonesia,"Jl. Jababeka XVI Blok V 67, Kawasan Industri Jababeka, Kec. Cikarang Utara, Kabupaten Bekasi, Jawa Barat 17530",Kabupaten Bekasi,Jawa Barat
jbk-59,PT. Borobudur Agung Perkasa,"Jl. Jababeka III Blok C 181, Kawasan Industri Jababeka, Kec. Cikarang Utara, Kabupaten Bekasi, Jawa Barat 17530",Kabupaten Bekasi,Jawa Barat
jbk-60,PT. Brataco Chemical,"Jl. Jababeka XIVA Blok J 5 H, Kawasan Industri Jababeka, Kec. Cikarang Utara, Kabupaten Bekasi, Jawa Barat 17530",Kabupaten Bekasi,Jawa Barat
jbk-61,PT. Bridor Indonesia (Sierad Pangan Nusantara),"Jl. Jababeka XVIIA Blok V 83 A, Kawasan Industri Jababeka, Kec. Cikarang Utara, Kabupaten Bekasi, Jawa Barat 17530",Kabupaten Bekasi,Jawa Barat
jbk-62,PT. Brugmann Indonesia,"Jl. Jababeka VIA Blok J 6 E, Kawasan Industri Jababeka, Kec. Cikarang Utara, Kabupaten Bekasi, Jawa Barat 17530",Kabupaten Bekasi,Jawa Barat
jbk-63,"PT. BS Indonesia (Taebong Elc, PT)","Jl. Jababeka X Blok F 7, Kawasan Industri Jababeka, Kec. Cikarang Utara, Kabupaten Bekasi, Jawa Barat 17530",Kabupaten Bekasi,Jawa Barat
jbk-64,PT. Budi Daya Remaja,"Jl. Jababeka IIE Blok C 15 N, Kawasan Industri Jababeka, Kec. Cikarang Utara, Kabupaten Bekasi, Jawa Barat 17530",Kabupaten Bekasi,Jawa Barat
jbk-65,"PT. Budi Surya Teknik, qq","Jl. Industri Selatan 1 A Blok NN 3 B, Kawasan Industri Jababeka, Kec. Cikarang Utara, Kabupaten Bekasi, Jawa Barat 17530",Kabupaten Bekasi,Jawa Barat
jbk-66,"PT. Budi Witjaksono, Bp","Jl. Industri Utama 1 Blok GG 5 D, Kawasan Industri Jababeka, Kec. Cikarang Utara, Kabupaten Bekasi, Jawa Barat 17530",Kabupaten Bekasi,Jawa Barat
jbk-67,PT. Bukit Baja Nusantara,"Jl. Jababeka XVI Blok W 42-43, Kawasan Industri Jababeka, Kec. Cikarang Utara, Kabupaten Bekasi, Jawa Barat 17530",Kabupaten Bekasi,Jawa Barat
jbk-68,PT. Bumi Cikarang Steel Industries,"Jl. Jababeka XVI Blok U 7, Kawasan Industri Jababeka, Kec. Cikarang Utara, Kabupaten Bekasi, Jawa Barat 17530",Kabupaten Bekasi,Jawa Barat
jbk-69,PT. Bumi Kaya Steel Industries,"Jl. Jababeka VI Blok M 1-6, Kawasan Industri Jababeka, Kec. Cikarang Utara, Kabupaten Bekasi, Jawa Barat 17530",Kabupaten Bekasi,Jawa Barat
jbk-70,PT. Bumi Mulia Indah Lestari,"Jl. Jababeka XVI Blok V 65 A, Kawasan Industri Jababeka, Kec. Cikarang Utara, Kabupaten Bekasi, Jawa Barat 17530",Kabupaten Bekasi,Jawa Barat
jbk-71,PT. Bumi Polimas Industries,"Jl. Jababeka XIV Blok J 12 C, Kawasan Industri Jababeka, Kec. Cikarang Utara, Kabupaten Bekasi, Jawa Barat 17530",Kabupaten Bekasi,Jawa Barat
jbk-72,PT. Bumi Polymas Industries,"Jl. Jababeka XIV Blok J 12 C, Kawasan Industri Jababeka, Kec. Cikarang Utara, Kabupaten Bekasi, Jawa Barat 17530",Kabupaten Bekasi,Jawa Barat
jbk-73,PT. Bumia Biofac Indonesia,"Jl. Jababeka XVI Blok V 39-40, Kawasan Industri Jababeka, Kec. Cikarang Utara, Kabupaten Bekasi, Jawa Barat 17530",Kabupaten Bekasi,Jawa Barat
jbk-74,PT. Bumiraya Megaprima,"Jl. Jababeka IIIH Blok C 17 B, Kawasan Industri Jababeka, Kec. Cikarang Utara, Kabupaten Bekasi, Jawa Barat 17530",Kabupaten Bekasi,Jawa Barat
jbk-75,PT. Busfimac Indonesia,"Jl. Jababeka IIA Blok C 11 B, Kawasan Industri Jababeka, Kec. Cikarang Utara, Kabupaten Bekasi, Jawa Barat 17530",Kabupaten Bekasi,Jawa Barat
jbk-76,PT. Busmifac Indo,"Jl. Jababeka IIA Blok C 11 B, Kawasan Industri Jababeka, Kec. Cikarang Utara, Kabupaten Bekasi, Jawa Barat 17530",Kabupaten Bekasi,Jawa Barat
jbk-77,PT. Byung Hwa Indonesia,"Jl. Jababeka VI Blok J 4 A, Kawasan Industri Jababeka, Kec. Cikarang Utara, Kabupaten Bekasi, Jawa Barat 17530",Kabupaten Bekasi,Jawa Barat
jbk-78,PT. C & P Indonesia,"Jl. Jababeka XVII B Blok U 19 A, Kawasan Industri Jababeka, Kec. Cikarang Utara, Kabupaten Bekasi, Jawa Barat 17530",Kabupaten Bekasi,Jawa Barat
jbk-79,PT. Cahaya Indotama Enginering,"Jl. Jababeka V Blok F No. 4, Kawasan Industri Jababeka, Kec. Cikarang Utara, Kabupaten Bekasi, Jawa Barat 17530",Kabupaten Bekasi,Jawa Barat
jbk-80,PT. Cahaya Kalbar Tbk,"Jl. Industri Selatan 3 Blok GG 1, Kawasan Industri Jababeka, Kec. Cikarang Utara, Kabupaten Bekasi, Jawa Barat 17530",Kabupaten Bekasi,Jawa Barat
jbk-81,PT. Cahaya Kalimantan Indah (Sinar Harindotama),"Jl. Jababeka V Blok F 4, Kawasan Industri Jababeka, Kec. Cikarang Utara, Kabupaten Bekasi, Jawa Barat 17530",Kabupaten Bekasi,Jawa Barat
jbk-82,PT. Cahaya Miitra Suksestama (Endelica),"Jl. Jababeka XIA Blok K 9 B, Kawasan Industri Jababeka, Kec. Cikarang Utara, Kabupaten Bekasi, Jawa Barat 17530",Kabupaten Bekasi,Jawa Barat
jbk-83,PT. Cahaya Sam Perindasan,"Jl. Jababeka X Blok F 6, Kawasan Industri Jababeka, Kec. Cikarang Utara, Kabupaten Bekasi, Jawa Barat 17530",Kabupaten Bekasi,Jawa Barat
jbk-84,PT. Cahaya Sukses Mandiri,"Jl. Industri Selatan Blok HH 6, Kawasan Industri Jababeka, Kec. Cikarang Utara, Kabupaten Bekasi, Jawa Barat 17530",Kabupaten Bekasi,Jawa Barat
jbk-85,PT. Cahayatama Kumala Makmur,"Jl. Jababeka IIA Blok C 11 J, Kawasan Industri Jababeka, Kec. Cikarang Utara, Kabupaten Bekasi, Jawa Barat 17530",Kabupaten Bekasi,Jawa Barat
jbk-86,PT. Cahayatiara Mustika Scientific Indonesia,"Jl. Jababeka IX Blok P 6 H, Kawasan Industri Jababeka, Kec. Cikarang Utara, Kabupaten Bekasi, Jawa Barat 17530",Kabupaten Bekasi,Jawa Barat
jbk-87,PT. Capitol Gravure Industries,"Jl. Jababeka XIIB Blok V 34-36, Kawasan Industri Jababeka, Kec. Cikarang Utara, Kabupaten Bekasi, Jawa Barat 17530",Kabupaten Bekasi,Jawa Barat
jbk-88,PT. Capung Indah Abadi,"Jl. Jababeka IIIH Blok C 17 AT, Kawasan Industri Jababeka, Kec. Cikarang Utara, Kabupaten Bekasi, Jawa Barat 17530",Kabupaten Bekasi,Jawa Barat
jbk-89,PT. Casco Persada Indonesia,"Jl. Industri Utara 1 Blok SS 18, Kawasan Industri Jababeka, Kec. Cikarang Utara, Kabupaten Bekasi, Jawa Barat 17530",Kabupaten Bekasi,Jawa Barat
jbk-90,PT. Casuarina Harnessindo (Naga Pacific),"Jl. Jababeka IVC Blok T 2 M, Kawasan Industri Jababeka, Kec. Cikarang Utara, Kabupaten Bekasi, Jawa Barat 17530",Kabupaten Bekasi,Jawa Barat
jbk-91,PT. Casuarina semesta,"Jl. Jababeka IVC Blok T 2 M, Kawasan Industri Jababeka, Kec. Cikarang Utara, Kabupaten Bekasi, Jawa Barat 17530",Kabupaten Bekasi,Jawa Barat
jbk-92,PT. Catra Nusantara Bersama (Supra Sukses Trinusa),"Jl. Jababeka VIB Blok J 7 E, Kawasan Industri Jababeka, Kec. Cikarang Utara, Kabupaten Bekasi, Jawa Barat 17530",Kabupaten Bekasi,Jawa Barat
jbk-93,PT. Catur Khita Persada (Monique Henriette Taufik),"Jl. Jababeka IIIH Blok C 17 BT, Kawasan Industri Jababeka, Kec. Cikarang Utara, Kabupaten Bekasi, Jawa Barat 17530",Kabupaten Bekasi,Jawa Barat
jbk-94,PT. Catur Madrakarsa Mandiri,"Jl. Industri Selatan 1 Blok OO 4A, Kawasan Industri Jababeka, Kec. Cikarang Utara, Kabupaten Bekasi, Jawa Barat 17530",Kabupaten Bekasi,Jawa Barat
jbk-95,PT. Centrado Prima Inti,"Jl. Jababeka IIJ Blok CC 26, Kawasan Industri Jababeka, Kec. Cikarang Utara, Kabupaten Bekasi, Jawa Barat 17530",Kabupaten Bekasi,Jawa Barat
jbk-96,PT. Central Audio Mobil Service,"Jl. Jababeka IIIG Blok C 17 N, Kawasan Industri Jababeka, Kec. Cikarang Utara, Kabupaten Bekasi, Jawa Barat 17530",Kabupaten Bekasi,Jawa Barat
jbk-97,PT. Central Auto Mobil Service,"Jl. Jababeka IIG Blok C 17 N, Kawasan Industri Jababeka, Kec. Cikarang Utara, Kabupaten Bekasi, Jawa Barat 17530",Kabupaten Bekasi,Jawa Barat
jbk-98,PT. Centraltekindo Dwilestari,"Jl. Jababeka IXA Blok P 2 A, Kawasan Industri Jababeka, Kec. Cikarang Utara, Kabupaten Bekasi, Jawa Barat 17530",Kabupaten Bekasi,Jawa Barat
jbk-99,PT. Centralteknindo Dwilestari,"Jl. Jababeka IXA Blok P 2 A, Kawasan Industri Jababeka, Kec. Cikarang Utara, Kabupaten Bekasi, Jawa Barat 17530",Kabupaten Bekasi,Jawa Barat
jbk-100,PT. Certechs Indonesia,"Jl. Jababeka XVIID Blok U 29 E, Kawasan Industri Jababeka, Kec. Cikarang Utara, Kabupaten Bekasi, Jawa Barat 17530",Kabupaten Bekasi,Jawa Barat
jbk-101,PT. Chakraprima Gitanusa,"Jl. Jababeka XVIIE Blok U 26 A, Kawasan Industri Jababeka, Kec. Cikarang Utara, Kabupaten Bekasi, Jawa Barat 17530",Kabupaten Bekasi,Jawa Barat
jbk-102,PT. Champion Kurnia Djaja Technologies,"Jl. Jababeka VIIC Blok R 2 M, Kawasan Industri Jababeka, Kec. Cikarang Utara, Kabupaten Bekasi, Jawa Barat 17530",Kabupaten Bekasi,Jawa Barat
jbk-103,"PT. Chandra Silamas, qq (Lamberti Indonesia)","Jl. Industri Selatan 3A Blok GG 2 A, Kawasan Industri Jababeka, Kec. Cikarang Utara, Kabupaten Bekasi, Jawa Barat 17530",Kabupaten Bekasi,Jawa Barat
jbk-104,PT. Chang Chun Duta Pertiwi Nusa Chemical Industry,"Jl. Jababeka XI Blok G 18-23, Kawasan Industri Jababeka, Kec. Cikarang Utara, Kabupaten Bekasi, Jawa Barat 17530",Kabupaten Bekasi,Jawa Barat
jbk-105,PT. Cheh Hwa Indonesia,"Jl. Industri Selatan 2 Blok MM 3, Kawasan Industri Jababeka, Kec. Cikarang Utara, Kabupaten Bekasi, Jawa Barat 17530",Kabupaten Bekasi,Jawa Barat
jbk-106,PT. Chemco Harapan Nusantara,"Jl. Jababeka Raya Blok F 19-28, Kawasan Industri Jababeka, Kec. Cikarang Utara, Kabupaten Bekasi, Jawa Barat 17530",Kabupaten Bekasi,Jawa Barat
jbk-107,PT. Chemoko Eka Perkasa,"Jl. Jababeka XIV Blok J 11 H, Kawasan Industri Jababeka, Kec. Cikarang Utara, Kabupaten Bekasi, Jawa Barat 17530",Kabupaten Bekasi,Jawa Barat
jbk-108,PT. Cheong Huat Plastic,"Jl. Jababeka IV Blok T 1 C, Kawasan Industri Jababeka, Kec. Cikarang Utara, Kabupaten Bekasi, Jawa Barat 17530",Kabupaten Bekasi,Jawa Barat
jbk-109,PT. Chertechs Indonesia,"Jl. Jababeka II Blok C 12 F, Kawasan Industri Jababeka, Kec. Cikarang Utara, Kabupaten Bekasi, Jawa Barat 17530",Kabupaten Bekasi,Jawa Barat
jbk-110,PT. Chin Seob Lim (Alimindo Sejati),"Jl. Industri Selatan Blok HH 10, Kawasan Industri Jababeka, Kec. Cikarang Utara, Kabupaten Bekasi, Jawa Barat 17530",Kabupaten Bekasi,Jawa Barat
jbk-111,PT. Chiyoda Kogyo Indonesia,"Jl. Industri Selatan 2 Blok JJ 18, Kawasan Industri Jababeka, Kec. Cikarang Utara, Kabupaten Bekasi, Jawa Barat 17530",Kabupaten Bekasi,Jawa Barat
jbk-112,PT. Cho Yong Ho,"Jl. Industri Selatan 4 Blok GG 3 G, Kawasan Industri Jababeka, Kec. Cikarang Utara, Kabupaten Bekasi, Jawa Barat 17530",Kabupaten Bekasi,Jawa Barat
jbk-113,PT. Chon Poong Indonesia,"Jl. Jababeka VIIB Blok K 2 O, Kawasan Industri Jababeka, Kec. Cikarang Utara, Kabupaten Bekasi, Jawa Barat 17530",Kabupaten Bekasi,Jawa Barat
jbk-114,PT. Christine Setyadi (Amerika),"Jl. Jababeka III Blok C 17 BS, Kawasan Industri Jababeka, Kec. Cikarang Utara, Kabupaten Bekasi, Jawa Barat 17530",Kabupaten Bekasi,Jawa Barat
jbk-115,PT. Cigweld,"Jl. Jababeka IXD Blok P3, Kawasan Industri Jababeka, Kec. Cikarang Utara, Kabupaten Bekasi, Jawa Barat 17530",Kabupaten Bekasi,Jawa Barat
jbk-116,PT. Cika Tunas Mulia,"Jl. Jababeka II A Blok C 11 F, Kawasan Industri Jababeka, Kec. Cikarang Utara, Kabupaten Bekasi, Jawa Barat 17530",Kabupaten Bekasi,Jawa Barat
jbk-117,PT. Cikarang Asri Tehnik Utama,"Jl. Jababeka IIA Blok C 11 G, Kawasan Industri Jababeka, Kec. Cikarang Utara, Kabupaten Bekasi, Jawa Barat 17530",Kabupaten Bekasi,Jawa Barat
jbk-118,PT. Cikarang Listrindo,"Jl. Jababeka Raya Blok R, Kawasan Industri Jababeka, Kec. Cikarang Utara, Kabupaten Bekasi, Jawa Barat 17530",Kabupaten Bekasi,Jawa Barat
jbk-119,PT. Cikarang Presisi,"Jl. Jababeka IIG Blok CC 23, Kawasan Industri Jababeka, Kec. Cikarang Utara, Kabupaten Bekasi, Jawa Barat 17530",Kabupaten Bekasi,Jawa Barat
jbk-120,PT. Cikarang Primatex,"Jl. Jababeka XIA Blok K 5 E, Kawasan Industri Jababeka, Kec. Cikarang Utara, Kabupaten Bekasi, Jawa Barat 17530",Kabupaten Bekasi,Jawa Barat
jbk-121,PT. Cipta Guna Adyadarma (Figorex Indonesia),"Jl. Jababeka XVI Blok V 69 C, Kawasan Industri Jababeka, Kec. Cikarang Utara, Kabupaten Bekasi, Jawa Barat 17530",Kabupaten Bekasi,Jawa Barat
jbk-122,PT. Cipta Pesona Agung,"Jl. Jababeka XII Blok W 12, Kawasan Industri Jababeka, Kec. Cikarang Utara, Kabupaten Bekasi, Jawa Barat 17530",Kabupaten Bekasi,Jawa Barat
jbk-123,PT. Cipta Piranti Tehnik,"Jl. Jababeka XI Blok H, Kawasan Industri Jababeka, Kec. Cikarang Utara, Kabupaten Bekasi, Jawa Barat 17530",Kabupaten Bekasi,Jawa Barat
jbk-124,PT. Conitex Sonoco Indonesia,"Jl. Jababeka XII Blok V 3-5, Kawasan Industri Jababeka, Kec. Cikarang Utara, Kabupaten Bekasi, Jawa Barat 17530",Kabupaten Bekasi,Jawa Barat
jbk-125,PT. Cosmindo Warna Sejati,"Jl. Jababeka XIB Blok K 10 B, Kawasan Industri Jababeka, Kec. Cikarang Utara, Kabupaten Bekasi, Jawa Barat 17530",Kabupaten Bekasi,Jawa Barat
jbk-126,PT. CSR Prima Karya Plasterboard,"Jl. Jababeka XI Blok L 3-5, Kawasan Industri Jababeka, Kec. Cikarang Utara, Kabupaten Bekasi, Jawa Barat 17530",Kabupaten Bekasi,Jawa Barat
jbk-127,PT. Dae Young Indonesia,"Jl. Jababeka VIIB Blok K 2 K,L, Kawasan Industri Jababeka, Kec. Cikarang Utara, Kabupaten Bekasi, Jawa Barat 17530",Kabupaten Bekasi,Jawa Barat
jbk-128,PT. Daelim Indonesia,"Jl. Jababeka Raya Blok E 6-8, Kawasan Industri Jababeka, Kec. Cikarang Utara, Kabupaten Bekasi, Jawa Barat 17530",Kabupaten Bekasi,Jawa Barat
jbk-129,PT. Daewoo Electronics Indonesia,"Jl. Industri Selatan 2 Blok LL 4-6, Kawasan Industri Jababeka, Kec. Cikarang Utara, Kabupaten Bekasi, Jawa Barat 17530",Kabupaten Bekasi,Jawa Barat
jbk-130,PT. Dairygold Indonesia,"Jl. Jababeka III Blok C 18 C, Kawasan Industri Jababeka, Kec. Cikarang Utara, Kabupaten Bekasi, Jawa Barat 17530",Kabupaten Bekasi,Jawa Barat
jbk-131,PT. Daxen Indonesia,"Jl. Jababeka VIIA Blok B 11 B, Kawasan Industri Jababeka, Kec. Cikarang Utara, Kabupaten Bekasi, Jawa Barat 17530",Kabupaten Bekasi,Jawa Barat
jbk-132,PT. Daya Komponen Prolog qq,"Jl. Industri Selatan 2 Blok MM 16, Kawasan Industri Jababeka, Kec. Cikarang Utara, Kabupaten Bekasi, Jawa Barat 17530",Kabupaten Bekasi,Jawa Barat
jbk-133,PT. Dempoo Mandiri Indonesia,"Jl. Jababeka VIID Blok K 1 K, Kawasan Industri Jababeka, Kec. Cikarang Utara, Kabupaten Bekasi, Jawa Barat 17530",Kabupaten Bekasi,Jawa Barat
jbk-134,PT. Der Ruey Electronics Indonesia,"Jl. Industri Selatan 2 Blok MM 12, Kawasan Industri Jababeka, Kec. Cikarang Utara, Kabupaten Bekasi, Jawa Barat 17530",Kabupaten Bekasi,Jawa Barat
jbk-135,PT. Design Shop Prima International,"Jl. Industri Selatan Blok HH 7, Kawasan Industri Jababeka, Kec. Cikarang Utara, Kabupaten Bekasi, Jawa Barat 17530",Kabupaten Bekasi,Jawa Barat
jbk-136,PT. Dharma Electrindo Manufacturing,"Jl. Jababeka III H Blok C 17 W, Kawasan Industri Jababeka, Kec. Cikarang Utara, Kabupaten Bekasi, Jawa Barat 17530",Kabupaten Bekasi,Jawa Barat
jbk-137,PT. Difan Prima Paint,"Jl. Jababeka VIIA Blok B 11 N, Kawasan Industri Jababeka, Kec. Cikarang Utara, Kabupaten Bekasi, Jawa Barat 17530",Kabupaten Bekasi,Jawa Barat
jbk-138,PT. Dinamika Inti Surya Cemerlang,"Jl. Jababeka IX A Blok P 2 F, Kawasan Industri Jababeka, Kec. Cikarang Utara, Kabupaten Bekasi, Jawa Barat 17530",Kabupaten Bekasi,Jawa Barat
jbk-139,PT. Dinamika Wijaya Kusuma,"Jl. Jababeka Blok C/17 DA, Kawasan Industri Jababeka, Kec. Cikarang Utara, Kabupaten Bekasi, Jawa Barat 17530",Kabupaten Bekasi,Jawa Barat
jbk-140,PT. DMC Teknologi Indonesia,"Jl. Jababeka II Blok C 17 AA, Kawasan Industri Jababeka, Kec. Cikarang Utara, Kabupaten Bekasi, Jawa Barat 17530",Kabupaten Bekasi,Jawa Barat
jbk-141,PT. Dongsan Indonesia,"Jl. Jababeka III-G Blok C Unit 17-AS, Kawasan Industri Jababeka, Kec. Cikarang Utara, Kabupaten Bekasi, Jawa Barat 17530",Kabupaten Bekasi,Jawa Barat
jbk-142,PT. Dongwoo Environmental Indonsia,"Jl. Jababeka IXF Blok P 3 F, Kawasan Industri Jababeka, Kec. Cikarang Utara, Kabupaten Bekasi, Jawa Barat 17530",Kabupaten Bekasi,Jawa Barat
jbk-143,PT. Doowon Precision Indonesia,"Jl. Jababeka IV Blok C 2 E, Kawasan Industri Jababeka, Kec. Cikarang Utara, Kabupaten Bekasi, Jawa Barat 17530",Kabupaten Bekasi,Jawa Barat
jbk-144,PT. Durachem Indonesia,"Jl. Jababeka XIVA Blok J 5 Q, Kawasan Industri Jababeka, Kec. Cikarang Utara, Kabupaten Bekasi, Jawa Barat 17530",Kabupaten Bekasi,Jawa Barat
jbk-145,PT. Duta Firza,"Jl. Jababeka XIA Blok K 8 C, Kawasan Industri Jababeka, Kec. Cikarang Utara, Kabupaten Bekasi, Jawa Barat 17530",Kabupaten Bekasi,Jawa Barat
jbk-146,PT. Dwitunggal Eka Tama,"Jl. Jababeka VII Blok K 5 B, Kawasan Industri Jababeka, Kec. Cikarang Utara, Kabupaten Bekasi, Jawa Barat 17530",Kabupaten Bekasi,Jawa Barat
jbk-147,PT. Dyno Oil Field Chemicals Indonesia,"Jl. Jababeka XVIIE Blok U 27 A, Kawasan Industri Jababeka, Kec. Cikarang Utara, Kabupaten Bekasi, Jawa Barat 17530",Kabupaten Bekasi,Jawa Barat
jbk-148,PT. Eagle Burgmann Indonesia,"Jl. Jababeka Blok J Unit 6- E, Kawasan Industri Jababeka, Kec. Cikarang Utara, Kabupaten Bekasi, Jawa Barat 17530",Kabupaten Bekasi,Jawa Barat
jbk-149,PT. Ecolab Indonesia,"Jl. Jababeka XVIIB Blok U 35 A, Kawasan Industri Jababeka, Kec. Cikarang Utara, Kabupaten Bekasi, Jawa Barat 17530",Kabupaten Bekasi,Jawa Barat
jbk-150,PT. Emson-Ongko Indonesia,"Jl. Jababeka VIIA Blok B 11 U, Kawasan Industri Jababeka, Kec. Cikarang Utara, Kabupaten Bekasi, Jawa Barat 17530",Kabupaten Bekasi,Jawa Barat
jbk-151,PT. Endelica,"Jl. Jababeka XIA Blok K 9 B, Kawasan Industri Jababeka, Kec. Cikarang Utara, Kabupaten Bekasi, Jawa Barat 17530",Kabupaten Bekasi,Jawa Barat
jbk-152,PT. Enfandy Dharma,"Jl. Jababeka III Blok C 18 F, Kawasan Industri Jababeka, Kec. Cikarang Utara, Kabupaten Bekasi, Jawa Barat 17530",Kabupaten Bekasi,Jawa Barat
jbk-153,PT. Essence Indonesia,"Jl. Jababeka V Blok U 14-17, Kawasan Industri Jababeka, Kec. Cikarang Utara, Kabupaten Bekasi, Jawa Barat 17530",Kabupaten Bekasi,Jawa Barat
jbk-154,PT. Este Komindo,"Jl. Industri Selatan 1 Blok OO 3 H, Kawasan Industri Jababeka, Kec. Cikarang Utara, Kabupaten Bekasi, Jawa Barat 17530",Kabupaten Bekasi,Jawa Barat
jbk-155,PT. Etona Abadi /Top Food Indonesia,"Jl. Jababeka XIA Blok K 8 B, Kawasan Industri Jababeka, Kec. Cikarang Utara, Kabupaten Bekasi, Jawa Barat 17530",Kabupaten Bekasi,Jawa Barat
jbk-156,PT. Fashion Indonesia Art,"Jl. Industri Selatan 1 Blok OO 3 F, Kawasan Industri Jababeka, Kec. Cikarang Utara, Kabupaten Bekasi, Jawa Barat 17530",Kabupaten Bekasi,Jawa Barat
jbk-157,PT. Fastindo Piranti Kabel,"Jl. Jababeka IXF Blok P 3 G, Kawasan Industri Jababeka, Kec. Cikarang Utara, Kabupaten Bekasi, Jawa Barat 17530",Kabupaten Bekasi,Jawa Barat
jbk-158,PT. Federal Superior Chain MFG,"Jl. Industri Utara 2 Blok BB 5-7, Kawasan Industri Jababeka, Kec. Cikarang Utara, Kabupaten Bekasi, Jawa Barat 17530",Kabupaten Bekasi,Jawa Barat
jbk-159,PT. Ferron Par Pharma Ceutical,"Jl. Jababeka VI Blok J3, Kawasan Industri Jababeka, Kec. Cikarang Utara, Kabupaten Bekasi, Jawa Barat 17530",Kabupaten Bekasi,Jawa Barat
jbk-160,PT. Festo,"Jl. Jababeka VIIG Blok R 1 F, Kawasan Industri Jababeka, Kec. Cikarang Utara, Kabupaten Bekasi, Jawa Barat 17530",Kabupaten Bekasi,Jawa Barat
jbk-161,PT. Foodex Inti Ingredientas,"Jl. Jababeka VI Blok J 4 B, Kawasan Industri Jababeka, Kec. Cikarang Utara, Kabupaten Bekasi, Jawa Barat 17530",Kabupaten Bekasi,Jawa Barat
jbk-162,PT. Foodindo Dwi Vastamas,"Jl. Industri Selatan IV Blok GG 5, Kawasan Industri Jababeka, Kec. Cikarang Utara, Kabupaten Bekasi, Jawa Barat 17530",Kabupaten Bekasi,Jawa Barat
jbk-163,PT. Foster Isolasi Buana,"Jl. Jababeka XIIB Blok V 7, Kawasan Industri Jababeka, Kec. Cikarang Utara, Kabupaten Bekasi, Jawa Barat 17530",Kabupaten Bekasi,Jawa Barat
jbk-164,PT. Frigorex Indonesia,"Jl. Jababeka VI Blok P 1, Kawasan Industri Jababeka, Kec. Cikarang Utara, Kabupaten Bekasi, Jawa Barat 17530",Kabupaten Bekasi,Jawa Barat
jbk-165,PT. Fuches Indonesia/ Interkimia Mekar Jaya,"Jl. Jababeka VI Blok J 6 K, Kawasan Industri Jababeka, Kec. Cikarang Utara, Kabupaten Bekasi, Jawa Barat 17530",Kabupaten Bekasi,Jawa Barat
jbk-166,PT. Fuji Gravure Cyllnders,"Jl. Jababeka Raya Blok F35, Kawasan Industri Jababeka, Kec. Cikarang Utara, Kabupaten Bekasi, Jawa Barat 17530",Kabupaten Bekasi,Jawa Barat
jbk-167,PT. Fuji Lin Indo Enterprise,"Jl. Jababeka IIIG Blok C 17 O, Kawasan Industri Jababeka, Kec. Cikarang Utara, Kabupaten Bekasi, Jawa Barat 17530",Kabupaten Bekasi,Jawa Barat
jbk-168,PT. Fuji Selimitsu Indonesia,"Jl. Industri Selatan Blok RR 10, Kawasan Industri Jababeka, Kec. Cikarang Utara, Kabupaten Bekasi, Jawa Barat 17530",Kabupaten Bekasi,Jawa Barat
jbk-169,PT. Fukoku Indonesia,"Jl. Industri Selatan 2 Blok MM 19, Kawasan Industri Jababeka, Kec. Cikarang Utara, Kabupaten Bekasi, Jawa Barat 17530",Kabupaten Bekasi,Jawa Barat
jbk-170,PT. Futurinsan Sonsindo,"Jl. Jababeka XIV Blok J 12 A, Kawasan Industri Jababeka, Kec. Cikarang Utara, Kabupaten Bekasi, Jawa Barat 17530",Kabupaten Bekasi,Jawa Barat
jbk-171,PT. Garitcindo Cipta Prima,"Jl. Jababeka XVII Blok 92-93, Kawasan Industri Jababeka, Kec. Cikarang Utara, Kabupaten Bekasi, Jawa Barat 17530",Kabupaten Bekasi,Jawa Barat
jbk-172,PT. Geasindo Teknik Pratama,"Jl. Jababeka IIB Blok C 12 F, Kawasan Industri Jababeka, Kec. Cikarang Utara, Kabupaten Bekasi, Jawa Barat 17530",Kabupaten Bekasi,Jawa Barat
jbk-173,PT. General Teknik,"Jl. Jababeka IIIH Blok C Unit 17 GT, Kawasan Industri Jababeka, Kec. Cikarang Utara, Kabupaten Bekasi, Jawa Barat 17530",Kabupaten Bekasi,Jawa Barat
jbk-174,"PT. Geoservices, Ltd QQ","Jl. Industri Utara 1 Blok SS 15, Kawasan Industri Jababeka, Kec. Cikarang Utara, Kabupaten Bekasi, Jawa Barat 17530",Kabupaten Bekasi,Jawa Barat
jbk-175,PT. Global Steel Indonesia,"Jl. Jababeka IVE Blok V 81 C, Kawasan Industri Jababeka, Kec. Cikarang Utara, Kabupaten Bekasi, Jawa Barat 17530",Kabupaten Bekasi,Jawa Barat
jbk-176,PT. Golden Time Co. Ltd.,"Jl. Jababeka XIVA Blok J 5 F, Kawasan Industri Jababeka, Kec. Cikarang Utara, Kabupaten Bekasi, Jawa Barat 17530",Kabupaten Bekasi,Jawa Barat
jbk-177,PT. Good Food Indonesia,"Jl. Jababeka VII SBF Blok K 56, Kawasan Industri Jababeka, Kec. Cikarang Utara, Kabupaten Bekasi, Jawa Barat 17530",Kabupaten Bekasi,Jawa Barat
jbk-178,PT. Grace Specialty Chemicals Indonesia,"Jl. Jababeka Raya Blok C 32, Kawasan Industri Jababeka, Kec. Cikarang Utara, Kabupaten Bekasi, Jawa Barat 17530",Kabupaten Bekasi,Jawa Barat
jbk-179,PT. Grafindo Mitrasemesta,"Jl. Jababeka XVIB Blok U 8 D, Kawasan Industri Jababeka, Kec. Cikarang Utara, Kabupaten Bekasi, Jawa Barat 17530",Kabupaten Bekasi,Jawa Barat
jbk-180,PT. Grafitecindo Cipta Prima,"Jl. Jababeka XVII Blok V Kav. 92-93, Kawasan Industri Jababeka, Kec. Cikarang Utara, Kabupaten Bekasi, Jawa Barat 17530",Kabupaten Bekasi,Jawa Barat
jbk-181,PT. Grahatama Wira Kontrindo,"Jl. Jababeka IIG Blok CC 19, Kawasan Industri Jababeka, Kec. Cikarang Utara, Kabupaten Bekasi, Jawa Barat 17530",Kabupaten Bekasi,Jawa Barat
jbk-182,PT. Gunungsari Widiatama Jaya,"Jl. Jababeka IIID Blok C 18 U, Kawasan Industri Jababeka, Kec. Cikarang Utara, Kabupaten Bekasi, Jawa Barat 17530",Kabupaten Bekasi,Jawa Barat
jbk-183,PT. Haluan Cipta Maju,"Jl. Industri Selatan 1 Blok OO 2 C, Kawasan Industri Jababeka, Kec. Cikarang Utara, Kabupaten Bekasi, Jawa Barat 17530",Kabupaten Bekasi,Jawa Barat
jbk-184,PT. Harapan Mandiri Utama,"Jl. Jababeka VIIG Blok R 2 A, Kawasan Industri Jababeka, Kec. Cikarang Utara, Kabupaten Bekasi, Jawa Barat 17530",Kabupaten Bekasi,Jawa Barat
jbk-185,PT. Harnessindo Tunggal,"Jl. Jababeka IXA Blok P 2 G, Kawasan Industri Jababeka, Kec. Cikarang Utara, Kabupaten Bekasi, Jawa Barat 17530",Kabupaten Bekasi,Jawa Barat
jbk-186,PT. Harsa Wira Sakti,"Jl. Jababeka VIIA Blok B 11 X, Kawasan Industri Jababeka, Kec. Cikarang Utara, Kabupaten Bekasi, Jawa Barat 17530",Kabupaten Bekasi,Jawa Barat
jbk-187,PT. Hatada Masindo,"Jl. Jababeka IVC Blok T 2 E, Kawasan Industri Jababeka, Kec. Cikarang Utara, Kabupaten Bekasi, Jawa Barat 17530",Kabupaten Bekasi,Jawa Barat
jbk-188,PT. Hayashi Unggul Industry,"Jl. Jababeka II Blok C 12 A, Kawasan Industri Jababeka, Kec. Cikarang Utara, Kabupaten Bekasi, Jawa Barat 17530",Kabupaten Bekasi,Jawa Barat
jbk-189,PT. Hcl Converting Equipment,"Jl. Jababeka IV Blok C 4-5, Kawasan Industri Jababeka, Kec. Cikarang Utara, Kabupaten Bekasi, Jawa Barat 17530",Kabupaten Bekasi,Jawa Barat
jbk-190,PT. Hendra Setiadi,"Jl. Jababeka IVC Blok T 2 C, Kawasan Industri Jababeka, Kec. Cikarang Utara, Kabupaten Bekasi, Jawa Barat 17530",Kabupaten Bekasi,Jawa Barat
jbk-191,PT. Henoch Jaya,"Jl. Jababeka V Blok H 1, Kawasan Industri Jababeka, Kec. Cikarang Utara, Kabupaten Bekasi, Jawa Barat 17530",Kabupaten Bekasi,Jawa Barat
jbk-192,PT. Hibex Indonesia,"Jl. Jababeka II Blok C 18 E, Kawasan Industri Jababeka, Kec. Cikarang Utara, Kabupaten Bekasi, Jawa Barat 17530",Kabupaten Bekasi,Jawa Barat
jbk-193,PT. Hinodhika Gurinda Jaya,"Jl. Jababeka XI Blok K 9 F, Kawasan Industri Jababeka, Kec. Cikarang Utara, Kabupaten Bekasi, Jawa Barat 17530",Kabupaten Bekasi,Jawa Barat
jbk-194,PT. Hioe Masuki Kusuma,"Jl. Jababeka IIH Blok CC 8, Kawasan Industri Jababeka, Kec. Cikarang Utara, Kabupaten Bekasi, Jawa Barat 17530",Kabupaten Bekasi,Jawa Barat
jbk-195,PT. Hoe Leong Corp,"Jl. Industri Selatan Blok RR 8-9, Kawasan Industri Jababeka, Kec. Cikarang Utara, Kabupaten Bekasi, Jawa Barat 17530",Kabupaten Bekasi,Jawa Barat
jbk-196,PT. Hokuriku United Forging Industry,"Jl. Jababeka XI Blok H 12-15, Kawasan Industri Jababeka, Kec. Cikarang Utara, Kabupaten Bekasi, Jawa Barat 17530",Kabupaten Bekasi,Jawa Barat
jbk-197,PT. Hoppecke Indonesia,"Jl. Jababeka II Blok C 24, Kawasan Industri Jababeka, Kec. Cikarang Utara, Kabupaten Bekasi, Jawa Barat 17530",Kabupaten Bekasi,Jawa Barat
jbk-198,PT. Hume Concrete Indonesia,"Jl. Jababeka V Blok G 1-3, 36 38, Kawasan Industri Jababeka, Kec. Cikarang Utara, Kabupaten Bekasi, Jawa Barat 17530",Kabupaten Bekasi,Jawa Barat
jbk-199,PT. Humpuss Trading,"Jl. Jababeka XIV Blok J 10 C, Kawasan Industri Jababeka, Kec. Cikarang Utara, Kabupaten Bekasi, Jawa Barat 17530",Kabupaten Bekasi,Jawa Barat
jbk-200,PT. Hung Brothers Makmur,"Jl. Jababeka Raya Blok K 1 B, Kawasan Industri Jababeka, Kec. Cikarang Utara, Kabupaten Bekasi, Jawa Barat 17530",Kabupaten Bekasi,Jawa Barat
jbk-201,PT. Hunter Douglas Indonesia,"Jl. Jababeka XIV Blok J 11 E, Kawasan Industri Jababeka, Kec. Cikarang Utara, Kabupaten Bekasi, Jawa Barat 17530",Kabupaten Bekasi,Jawa Barat
jbk-202,PT. Hyop Woo Dunia,"Jl. Industri Selatan 2 Blok MM 7, Kawasan Industri Jababeka, Kec. Cikarang Utara, Kabupaten Bekasi, Jawa Barat 17530",Kabupaten Bekasi,Jawa Barat
jbk-203,PT. Hyop Woo Indonesia,"Jl. Industri Selatan 2 Blok MM 6, Kawasan Industri Jababeka, Kec. Cikarang Utara, Kabupaten Bekasi, Jawa Barat 17530",Kabupaten Bekasi,Jawa Barat
jbk-204,PT. ICI Paints Indonesia,"Jl. Jababeka IV Blok V 64, Kawasan Industri Jababeka, Kec. Cikarang Utara, Kabupaten Bekasi, Jawa Barat 17530",Kabupaten Bekasi,Jawa Barat
jbk-205,PT. ICI Surfactans {Uniqema Indonesia},"Jl. Jababeka IV Blok V 74-75, Kawasan Industri Jababeka, Kec. Cikarang Utara, Kabupaten Bekasi, Jawa Barat 17530",Kabupaten Bekasi,Jawa Barat
jbk-206,PT. Ihaka Kharisma,"Jl. Jababeka XIB Blok K 10 D, Kawasan Industri Jababeka, Kec. Cikarang Utara, Kabupaten Bekasi, Jawa Barat 17530",Kabupaten Bekasi,Jawa Barat
jbk-207,PT. Ik Precision Indonesia,"Jl. Jababeka XVIIF Blok U 23 D, Kawasan Industri Jababeka, Kec. Cikarang Utara, Kabupaten Bekasi, Jawa Barat 17530",Kabupaten Bekasi,Jawa Barat
jbk-208,PT. Ikimura Indotools Center,"Jl. Jababeka VIIA Blok B 11 H, Kawasan Industri Jababeka, Kec. Cikarang Utara, Kabupaten Bekasi, Jawa Barat 17530",Kabupaten Bekasi,Jawa Barat
jbk-209,PT. Indoexpress Corporation,"Jl. Jababeka XVI Blok V 41, Kawasan Industri Jababeka, Kec. Cikarang Utara, Kabupaten Bekasi, Jawa Barat 17530",Kabupaten Bekasi,Jawa Barat
jbk-210,PT. Indoktor Indnesia,"Jl. Jababeka IIIH Blok C 17 K, Kawasan Industri Jababeka, Kec. Cikarang Utara, Kabupaten Bekasi, Jawa Barat 17530",Kabupaten Bekasi,Jawa Barat
jbk-211,"PT. Indonesian Marine Corp, Ltd","Jl. Jababeka XIV Blok J 11 D, Kawasan Industri Jababeka, Kec. Cikarang Utara, Kabupaten Bekasi, Jawa Barat 17530",Kabupaten Bekasi,Jawa Barat
jbk-212,PT. Induk Sarana Kemasindo,"Jl. Jababeka IIA Blok C 11 D, Kawasan Industri Jababeka, Kec. Cikarang Utara, Kabupaten Bekasi, Jawa Barat 17530",Kabupaten Bekasi,Jawa Barat
jbk-213,PT. Inkomas Lestari,"Jl. Jababeka X Blok G 34-35, Kawasan Industri Jababeka, Kec. Cikarang Utara, Kabupaten Bekasi, Jawa Barat 17530",Kabupaten Bekasi,Jawa Barat
jbk-214,PT. Inmac Sejahtera,"Jl. Jababeka VI Blok J 5 A, Kawasan Industri Jababeka, Kec. Cikarang Utara, Kabupaten Bekasi, Jawa Barat 17530",Kabupaten Bekasi,Jawa Barat
jbk-215,PT. Intaglo Jakarta,"Jl. Jababeka IIIG Blok C 17 P, Kawasan Industri Jababeka, Kec. Cikarang Utara, Kabupaten Bekasi, Jawa Barat 17530",Kabupaten Bekasi,Jawa Barat
jbk-216,PT. Intan Jaya Medika Solusi,"Jl. Jababeka XVI Blok W 44, Kawasan Industri Jababeka, Kec. Cikarang Utara, Kabupaten Bekasi, Jawa Barat 17530",Kabupaten Bekasi,Jawa Barat
jbk-217,PT. International Coatings,"Jl. Industri Selatan 2 Blok MM 5, Kawasan Industri Jababeka, Kec. Cikarang Utara, Kabupaten Bekasi, Jawa Barat 17530",Kabupaten Bekasi,Jawa Barat
jbk-218,PT. Inti Marindo Primacon,"Jl. Jababeka III Blok C 18 M, Kawasan Industri Jababeka, Kec. Cikarang Utara, Kabupaten Bekasi, Jawa Barat 17530",Kabupaten Bekasi,Jawa Barat
jbk-219,PT. Inti Presisi Toolsindo,"Jl. Jababeka II-E Blok C Unit 15-F, Kawasan Industri Jababeka, Kec. Cikarang Utara, Kabupaten Bekasi, Jawa Barat 17530",Kabupaten Bekasi,Jawa Barat
jbk-220,PT. Intidana Adimandiri,"Jl. Jababeka VIID Blok K 1 E, Kawasan Industri Jababeka, Kec. Cikarang Utara, Kabupaten Bekasi, Jawa Barat 17530",Kabupaten Bekasi,Jawa Barat
jbk-221,PT. Intipraja Tekno Industri,"Jl. Jababeka X Blok F 10, Kawasan Industri Jababeka, Kec. Cikarang Utara, Kabupaten Bekasi, Jawa Barat 17530",Kabupaten Bekasi,Jawa Barat
jbk-222,PT. Intraparr Nusantara,"Jl. Jababeka VIIA Blok B 11 P, Kawasan Industri Jababeka, Kec. Cikarang Utara, Kabupaten Bekasi, Jawa Barat 17530",Kabupaten Bekasi,Jawa Barat
jbk-223,"PT. IPD Indonesia/Hsin Yi Su, Mr,","Jl. Jababeka XVIIC Blok V 90 A, Kawasan Industri Jababeka, Kec. Cikarang Utara, Kabupaten Bekasi, Jawa Barat 17530",Kabupaten Bekasi,Jawa Barat
jbk-224,"PT. Isolite Insulting Product, Co, Ltd","Jl. Jababeka XIIB Blok V 8, Kawasan Industri Jababeka, Kec. Cikarang Utara, Kabupaten Bekasi, Jawa Barat 17530",Kabupaten Bekasi,Jawa Barat
jbk-225,PT. Istana Warna Cat Indah,"Jl. Jababeka VIII A Blok B No. 11 A, Kawasan Industri Jababeka, Kec. Cikarang Utara, Kabupaten Bekasi, Jawa Barat 17530",Kabupaten Bekasi,Jawa Barat
jbk-226,PT. Jaeil Indonesia,"Jl. Industri Selatan 2 Blok MM 9, Kawasan Industri Jababeka, Kec. Cikarang Utara, Kabupaten Bekasi, Jawa Barat 17530",Kabupaten Bekasi,Jawa Barat
jbk-227,PT. Jaindo Metal Industries,"Jl. Jababeka Raya Blok E 1-5, Kawasan Industri Jababeka, Kec. Cikarang Utara, Kabupaten Bekasi, Jawa Barat 17530",Kabupaten Bekasi,Jawa Barat
jbk-228,PT. Jakarta Food Industri,"Jl. Jababeka IX F Blok P3, Kawasan Industri Jababeka, Kec. Cikarang Utara, Kabupaten Bekasi, Jawa Barat 17530",Kabupaten Bekasi,Jawa Barat
jbk-229,PT. JIT Electronics Ltd.,"Jl. Industri Selatan 2 Blok JJ 16, Kawasan Industri Jababeka, Kec. Cikarang Utara, Kabupaten Bekasi, Jawa Barat 17530",Kabupaten Bekasi,Jawa Barat
jbk-230,PT. Kaiden Multi Rekatama,"Jl. Jababeka II Blok C 27-28, Kawasan Industri Jababeka, Kec. Cikarang Utara, Kabupaten Bekasi, Jawa Barat 17530",Kabupaten Bekasi,Jawa Barat
jbk-231,PT. Kalimasada Pusaka,"Jl. Industri Selatan 1 Blok OO 2 A, Kawasan Industri Jababeka, Kec. Cikarang Utara, Kabupaten Bekasi, Jawa Barat 17530",Kabupaten Bekasi,Jawa Barat
jbk-232,PT. Kamiba Indojaya,"Jl. Jababeka IIG Blok C 16 W, Kawasan Industri Jababeka, Kec. Cikarang Utara, Kabupaten Bekasi, Jawa Barat 17530",Kabupaten Bekasi,Jawa Barat
jbk-233,PT. Kao Indonesia,"Jl. Jababeka VI Blok N 2-5, Kawasan Industri Jababeka, Kec. Cikarang Utara, Kabupaten Bekasi, Jawa Barat 17530",Kabupaten Bekasi,Jawa Barat
jbk-234,PT. Karang Buana Indah,"Jl. Jababeka XII Blok W 5, Kawasan Industri Jababeka, Kec. Cikarang Utara, Kabupaten Bekasi, Jawa Barat 17530",Kabupaten Bekasi,Jawa Barat
jbk-235,PT. Karsa Indira Makarya,"Jl. Jababeka VIIB Blok K 2 J, Kawasan Industri Jababeka, Kec. Cikarang Utara, Kabupaten Bekasi, Jawa Barat 17530",Kabupaten Bekasi,Jawa Barat
jbk-236,PT. Karya Pratama Dunia,"Jl. Jababeka IIC Blok C 11 I, Kawasan Industri Jababeka, Kec. Cikarang Utara, Kabupaten Bekasi, Jawa Barat 17530",Kabupaten Bekasi,Jawa Barat
jbk-237,PT. Karya Tunas Mustika,"Jl. Jababeka IIB Blok C 12 E, Kawasan Industri Jababeka, Kec. Cikarang Utara, Kabupaten Bekasi, Jawa Barat 17530",Kabupaten Bekasi,Jawa Barat
jbk-238,PT. Kastraco Engineering,"Jl. Jababeka XIA Blok K 9 D, Kawasan Industri Jababeka, Kec. Cikarang Utara, Kabupaten Bekasi, Jawa Barat 17530",Kabupaten Bekasi,Jawa Barat
jbk-239,PT. Katstraco Engineering,"Jl. Jababeka XII Blok I, Kawasan Industri Jababeka, Kec. Cikarang Utara, Kabupaten Bekasi, Jawa Barat 17530",Kabupaten Bekasi,Jawa Barat
jbk-240,PT. KATSUSHIRO INDONESIA,"Jl. Jababeka XII Blok I, Kawasan Industri Jababeka, Kec. Cikarang Utara, Kabupaten Bekasi, Jawa Barat 17530",Kabupaten Bekasi,Jawa Barat
jbk-241,PT. Katup Mas Kompresotama,"Jl. Jababeka IIJ Blok CC 28, Kawasan Industri Jababeka, Kec. Cikarang Utara, Kabupaten Bekasi, Jawa Barat 17530",Kabupaten Bekasi,Jawa Barat
jbk-242,PT. KMK Plastic Indonesia,"Jl. Jababeka XII Blok W 14, Kawasan Industri Jababeka, Kec. Cikarang Utara, Kabupaten Bekasi, Jawa Barat 17530",Kabupaten Bekasi,Jawa Barat
jbk-243,PT. Knorr Indonesia,"Jl. Jababeka II Blok C 9-10, Kawasan Industri Jababeka, Kec. Cikarang Utara, Kabupaten Bekasi, Jawa Barat 17530",Kabupaten Bekasi,Jawa Barat
jbk-244,PT. Kodja Terramarin,"Jl. Jababeka IIIG Blok C 17 R, Kawasan Industri Jababeka, Kec. Cikarang Utara, Kabupaten Bekasi, Jawa Barat 17530",Kabupaten Bekasi,Jawa Barat
jbk-245,PT. Koiex,"Jl. Jababeka IXA Blok P 2 D, Kawasan Industri Jababeka, Kec. Cikarang Utara, Kabupaten Bekasi, Jawa Barat 17530",Kabupaten Bekasi,Jawa Barat
jbk-246,PT. Koike Cermin Indonesia,"Jl. Jababeka II-D Blok C/15 O-P, Kawasan Industri Jababeka, Kec. Cikarang Utara, Kabupaten Bekasi, Jawa Barat 17530",Kabupaten Bekasi,Jawa Barat
jbk-247,PT. Koki Sanel Indonesia,"Jl. Industri Selatan 1 Blok OO 1 C, Kawasan Industri Jababeka, Kec. Cikarang Utara, Kabupaten Bekasi, Jawa Barat 17530",Kabupaten Bekasi,Jawa Barat
jbk-248,PT. KOMATSU UNDERCARRIAGE INDONESIA,"Jl. Jababeka XI Blok H-16, Kawasan Industri Jababeka, Kec. Cikarang Utara, Kabupaten Bekasi, Jawa Barat 17530",Kabupaten Bekasi,Jawa Barat
jbk-249,PT. Kompartindo Ekaprasetya,"Jl. Jababeka VII Blok K 5 A, Kawasan Industri Jababeka, Kec. Cikarang Utara, Kabupaten Bekasi, Jawa Barat 17530",Kabupaten Bekasi,Jawa Barat
jbk-250,PT. Kompresindo Utamajaya,"Jl. Jababeka IIA Blok C 11 E, Kawasan Industri Jababeka, Kec. Cikarang Utara, Kabupaten Bekasi, Jawa Barat 17530",Kabupaten Bekasi,Jawa Barat
jbk-251,PT. Korea Orient Technology Indonesia,"Jl. Jababeka II Blok C 17 AS, Kawasan Industri Jababeka, Kec. Cikarang Utara, Kabupaten Bekasi, Jawa Barat 17530",Kabupaten Bekasi,Jawa Barat
jbk-252,PT. Kostec Indonesia (Bintang Abadi Sejahtera),"Jl. Jababeka XI Blok K 4 D, Kawasan Industri Jababeka, Kec. Cikarang Utara, Kabupaten Bekasi, Jawa Barat 17530",Kabupaten Bekasi,Jawa Barat
jbk-253,PT. Kotindo Indah Maju,"Jl. Jababeka VII Blok K 4 A, Kawasan Industri Jababeka, Kec. Cikarang Utara, Kabupaten Bekasi, Jawa Barat 17530",Kabupaten Bekasi,Jawa Barat
jbk-254,PT. Kumala Megah Tata,"Jl. Jababeka IVC Blok T 2 H, Kawasan Industri Jababeka, Kec. Cikarang Utara, Kabupaten Bekasi, Jawa Barat 17530",Kabupaten Bekasi,Jawa Barat
jbk-255,PT. Kurita Indonesia,"Jl. Jababeka XIIA Blok V 6, Kawasan Industri Jababeka, Kec. Cikarang Utara, Kabupaten Bekasi, Jawa Barat 17530",Kabupaten Bekasi,Jawa Barat
jbk-256,PT. Kwang Jin Indonesia,"Jl. Jababeka IIIH Blok C 17 Y, Kawasan Industri Jababeka, Kec. Cikarang Utara, Kabupaten Bekasi, Jawa Barat 17530",Kabupaten Bekasi,Jawa Barat
jbk-257,PT. Kyoei Denki Indonesia,"Jl. Jababeka III Blok D C 18 P, Kawasan Industri Jababeka, Kec. Cikarang Utara, Kabupaten Bekasi, Jawa Barat 17530",Kabupaten Bekasi,Jawa Barat
jbk-258,PT. Lam Seng Hang Indonesia,"Jl. Jababeka XVIIE Blok U 25 A, Kawasan Industri Jababeka, Kec. Cikarang Utara, Kabupaten Bekasi, Jawa Barat 17530",Kabupaten Bekasi,Jawa Barat
jbk-259,PT. Laser Metal Mandiri,"Jl. Industri Selatan 4 Blok GG 3-1, Kawasan Industri Jababeka, Kec. Cikarang Utara, Kabupaten Bekasi, Jawa Barat 17530",Kabupaten Bekasi,Jawa Barat
jbk-260,PT. Lawa Kencana,"Jl. Jababeka XVIIB Blok U7B, Kawasan Industri Jababeka, Kec. Cikarang Utara, Kabupaten Bekasi, Jawa Barat 17530",Kabupaten Bekasi,Jawa Barat
jbk-261,PT. Lazuardi Rukun Perkasa,"Jl. Jababeka XIIB Blok V 38, Kawasan Industri Jababeka, Kec. Cikarang Utara, Kabupaten Bekasi, Jawa Barat 17530",Kabupaten Bekasi,Jawa Barat
jbk-262,PT. Lembahsindo Intimanunggal,"Jl. Jababeka VIIG Blok R 1 B, Kawasan Industri Jababeka, Kec. Cikarang Utara, Kabupaten Bekasi, Jawa Barat 17530",Kabupaten Bekasi,Jawa Barat
jbk-263,PT. Libra Emas Permata,"Jl. Jababeka VI Blok J 5 D, Kawasan Industri Jababeka, Kec. Cikarang Utara, Kabupaten Bekasi, Jawa Barat 17530",Kabupaten Bekasi,Jawa Barat
jbk-264,PT. Lumbaxstrixlumba Bogarasa,"Jl. Jababeka IIE Blok C 16 C, Kawasan Industri Jababeka, Kec. Cikarang Utara, Kabupaten Bekasi, Jawa Barat 17530",Kabupaten Bekasi,Jawa Barat
jbk-265,PT. Madusari Nusaperdana,"Jl. Jababeka XIVA Blok J 5 O, Kawasan Industri Jababeka, Kec. Cikarang Utara, Kabupaten Bekasi, Jawa Barat 17530",Kabupaten Bekasi,Jawa Barat
jbk-266,PT. Mah Sing Indonesia,"Jl. Jababeka Raya Blok W 17-20, Kawasan Industri Jababeka, Kec. Cikarang Utara, Kabupaten Bekasi, Jawa Barat 17530",Kabupaten Bekasi,Jawa Barat
jbk-267,PT. Mahkota Budaya Indah,"Jl. Jababeka XIB Blok K 9 G, Kawasan Industri Jababeka, Kec. Cikarang Utara, Kabupaten Bekasi, Jawa Barat 17530",Kabupaten Bekasi,Jawa Barat
jbk-268,PT. Makitamega Makmur Perkasa,"Jl. Jababeka III Blok C 18 A-B, Kawasan Industri Jababeka, Kec. Cikarang Utara, Kabupaten Bekasi, Jawa Barat 17530",Kabupaten Bekasi,Jawa Barat
jbk-269,PT. Makoto Jaya Abadi,"Jl. Jababeka XIA Blok K 6 C, Kawasan Industri Jababeka, Kec. Cikarang Utara, Kabupaten Bekasi, Jawa Barat 17530",Kabupaten Bekasi,Jawa Barat
jbk-270,PT. Malkelindo Aneka Cipta,"Jl. Jababeka IIC Blok C 14 J, Kawasan Industri Jababeka, Kec. Cikarang Utara, Kabupaten Bekasi, Jawa Barat 17530",Kabupaten Bekasi,Jawa Barat
jbk-271,PT. Mandala Cakra Buana Sakti,"Jl. Jababeka XII Blok W 11, Kawasan Industri Jababeka, Kec. Cikarang Utara, Kabupaten Bekasi, Jawa Barat 17530",Kabupaten Bekasi,Jawa Barat
jbk-272,PT. Mane Indonesia,"Jl. Jababeka XVI Blok V 66, Kawasan Industri Jababeka, Kec. Cikarang Utara, Kabupaten Bekasi, Jawa Barat 17530",Kabupaten Bekasi,Jawa Barat
jbk-273,PT. Master Label,"Jl. Jababeka IVE, Kawasan Industri Jababeka, Kec. Cikarang Utara, Kabupaten Bekasi, Jawa Barat 17530",Kabupaten Bekasi,Jawa Barat
jbk-274,PT. Mastrada Surya,"Jl. Jababeka IIJ Blok CC 31, Kawasan Industri Jababeka, Kec. Cikarang Utara, Kabupaten Bekasi, Jawa Barat 17530",Kabupaten Bekasi,Jawa Barat
jbk-275,PT. Matsumotoyushi Indonesia,"Jl. Jababeka XI Blok G 8, Kawasan Industri Jababeka, Kec. Cikarang Utara, Kabupaten Bekasi, Jawa Barat 17530",Kabupaten Bekasi,Jawa Barat
jbk-276,PT. Mattel Indonesia I,"Jl. Jababeka V Blok G 4-6, Kawasan Industri Jababeka, Kec. Cikarang Utara, Kabupaten Bekasi, Jawa Barat 17530",Kabupaten Bekasi,Jawa Barat
jbk-277,PT. Mattel Indonesia I {DORMIYORY},"Jl. Jababeka IVB Blok T 3, Kawasan Industri Jababeka, Kec. Cikarang Utara, Kabupaten Bekasi, Jawa Barat 17530",Kabupaten Bekasi,Jawa Barat
jbk-278,PT. Mattel Indonesia II,"Jl. Industri Utama Blok SS 1-3, Kawasan Industri Jababeka, Kec. Cikarang Utara, Kabupaten Bekasi, Jawa Barat 17530",Kabupaten Bekasi,Jawa Barat
jbk-279,PT. Mattel Indonesia II {DORMIYORY},"Jl. Industri Selatan 2 Blok NN 1, Kawasan Industri Jababeka, Kec. Cikarang Utara, Kabupaten Bekasi, Jawa Barat 17530",Kabupaten Bekasi,Jawa Barat
jbk-280,PT. Maxenak Indonesia,"Jl. Jababeka IIH Blok CC 18, Kawasan Industri Jababeka, Kec. Cikarang Utara, Kabupaten Bekasi, Jawa Barat 17530",Kabupaten Bekasi,Jawa Barat
jbk-281,PT. MBT Indonesia,"Jl. Jababeka V Blok I 1, Kawasan Industri Jababeka, Kec. Cikarang Utara, Kabupaten Bekasi, Jawa Barat 17530",Kabupaten Bekasi,Jawa Barat
jbk-282,PT. Mec Indonesia,"Jl. Jababeka Raya Blok K 1 A, Kawasan Industri Jababeka, Kec. Cikarang Utara, Kabupaten Bekasi, Jawa Barat 17530",Kabupaten Bekasi,Jawa Barat
jbk-283,PT. Mega Kemiraya,"Jl. Jababeka XIV Blok J 11 J, Kawasan Industri Jababeka, Kec. Cikarang Utara, Kabupaten Bekasi, Jawa Barat 17530",Kabupaten Bekasi,Jawa Barat
jbk-284,PT. Megaplast Jayacitra,"Jl. Jababeka XII Blok W 5A, Kawasan Industri Jababeka, Kec. Cikarang Utara, Kabupaten Bekasi, Jawa Barat 17530",Kabupaten Bekasi,Jawa Barat
jbk-285,PT. Megatama Spring,"Jl. Industri Selatan 2 Blok MM 11, Kawasan Industri Jababeka, Kec. Cikarang Utara, Kabupaten Bekasi, Jawa Barat 17530",Kabupaten Bekasi,Jawa Barat
jbk-286,PT. Megatech Ciptanusa,"Jl. Industri Selatan 2 Blok JJ 4, Kawasan Industri Jababeka, Kec. Cikarang Utara, Kabupaten Bekasi, Jawa Barat 17530",Kabupaten Bekasi,Jawa Barat
jbk-287,PT. Mekasindo Dharma International,"Jl. Jababeka E Blok 1-5, Kawasan Industri Jababeka, Kec. Cikarang Utara, Kabupaten Bekasi, Jawa Barat 17530",Kabupaten Bekasi,Jawa Barat
jbk-288,PT. Melji Rubber Indonesia,"Jl. Jababeka IIC Blok C 14 G, Kawasan Industri Jababeka, Kec. Cikarang Utara, Kabupaten Bekasi, Jawa Barat 17530",Kabupaten Bekasi,Jawa Barat
jbk-289,PT. Menara Terus Makmur,"Jl. Jababeka XI Blok H 3-12, Kawasan Industri Jababeka, Kec. Cikarang Utara, Kabupaten Bekasi, Jawa Barat 17530",Kabupaten Bekasi,Jawa Barat
jbk-290,PT. Menawan Arsijaya,"Jl. Jababeka IXC Blok P 5 Q, Kawasan Industri Jababeka, Kec. Cikarang Utara, Kabupaten Bekasi, Jawa Barat 17530",Kabupaten Bekasi,Jawa Barat
jbk-291,PT. Mepoly Industry,"Jl. Industri Selatan Blok RR 6, Kawasan Industri Jababeka, Kec. Cikarang Utara, Kabupaten Bekasi, Jawa Barat 17530",Kabupaten Bekasi,Jawa Barat
jbk-292,PT. Metalindo Estetika Dimensi,"Jl. Jababeka IIB Blok C 12 H, Kawasan Industri Jababeka, Kec. Cikarang Utara, Kabupaten Bekasi, Jawa Barat 17530",Kabupaten Bekasi,Jawa Barat
jbk-293,PT. Ming Da Indonesia,"Jl. Industri Selatan 2 Blok JJ 12, Kawasan Industri Jababeka, Kec. Cikarang Utara, Kabupaten Bekasi, Jawa Barat 17530",Kabupaten Bekasi,Jawa Barat
jbk-294,PT. Ming Horng Industry,"Jl. Jababeka VIIA Blok B 11 R, Kawasan Industri Jababeka, Kec. Cikarang Utara, Kabupaten Bekasi, Jawa Barat 17530",Kabupaten Bekasi,Jawa Barat
jbk-295,PT. Mitindo Usaha Sejati,"Jl. Jababeka TFB Blok C No. 14 Q, Kawasan Industri Jababeka, Kec. Cikarang Utara, Kabupaten Bekasi, Jawa Barat 17530",Kabupaten Bekasi,Jawa Barat
jbk-296,PT. Mitra Asmoco Utama,"Jl. Jababeka VI Blok J 5 C, Kawasan Industri Jababeka, Kec. Cikarang Utara, Kabupaten Bekasi, Jawa Barat 17530",Kabupaten Bekasi,Jawa Barat
jbk-297,PT. Mitra Bina Reka Niaga,"Jl. Jababeka IX B Blok P7 C, Kawasan Industri Jababeka, Kec. Cikarang Utara, Kabupaten Bekasi, Jawa Barat 17530",Kabupaten Bekasi,Jawa Barat
jbk-298,PT. Mitra Chemical Mullatama,"Jl. Jababeka SFB Blok B No. 11, Kawasan Industri Jababeka, Kec. Cikarang Utara, Kabupaten Bekasi, Jawa Barat 17530",Kabupaten Bekasi,Jawa Barat
jbk-299,PT. Mitra Internasional,"Jl. Jababeka IIJ Blok CC 26, Kawasan Industri Jababeka, Kec. Cikarang Utara, Kabupaten Bekasi, Jawa Barat 17530",Kabupaten Bekasi,Jawa Barat
jbk-300,PT. Mitra Project Fitting Pipe Utama,"Jl. Jababeka XVIIE Blok U 24 B, Kawasan Industri Jababeka, Kec. Cikarang Utara, Kabupaten Bekasi, Jawa Barat 17530",Kabupaten Bekasi,Jawa Barat
jbk-301,PT. Mitragondala Kreasi Prima,"Jl. Jababeka IIIH Blok C 17 CT, Kawasan Industri Jababeka, Kec. Cikarang Utara, Kabupaten Bekasi, Jawa Barat 17530",Kabupaten Bekasi,Jawa Barat
jbk-302,PT. Nafiri Pola Lestari,"Jl. Jababeka XI Blok K 4 C, Kawasan Industri Jababeka, Kec. Cikarang Utara, Kabupaten Bekasi, Jawa Barat 17530",Kabupaten Bekasi,Jawa Barat
jbk-303,PT. Nagogo Karejo Hagabeon,"Jl. Jababeka VI Blok J 4 D, Kawasan Industri Jababeka, Kec. Cikarang Utara, Kabupaten Bekasi, Jawa Barat 17530",Kabupaten Bekasi,Jawa Barat
jbk-304,PT. Namia Nusa Indah,"Jl. Jababeka XVI, Kawasan Industri Jababeka, Kec. Cikarang Utara, Kabupaten Bekasi, Jawa Barat 17530",Kabupaten Bekasi,Jawa Barat
jbk-305,PT. NIC IIndonesia,"Jl. Jababeka VI Blok J 6 P, Kawasan Industri Jababeka, Kec. Cikarang Utara, Kabupaten Bekasi, Jawa Barat 17530",Kabupaten Bekasi,Jawa Barat
jbk-306,PT. Nicorindo Baja,"Jl. Jababeka VII Blok L7, Kawasan Industri Jababeka, Kec. Cikarang Utara, Kabupaten Bekasi, Jawa Barat 17530",Kabupaten Bekasi,Jawa Barat
jbk-307,PT. Niparindo Saritama,"Jl. Jababeka VIIA Blok B 11 O, Kawasan Industri Jababeka, Kec. Cikarang Utara, Kabupaten Bekasi, Jawa Barat 17530",Kabupaten Bekasi,Jawa Barat
jbk-308,PT. Nippon Indosari Corporation,"Jl. Jababeka XIIB Blok W 40-41, Kawasan Industri Jababeka, Kec. Cikarang Utara, Kabupaten Bekasi, Jawa Barat 17530",Kabupaten Bekasi,Jawa Barat
jbk-309,PT. Nipsea Paint and Chemicals CoLtd,"Jl. Jababeka XVIB Blok U 8 B, Kawasan Industri Jababeka, Kec. Cikarang Utara, Kabupaten Bekasi, Jawa Barat 17530",Kabupaten Bekasi,Jawa Barat
jbk-310,PT. Nirmala Beauty Indonesia,"Jl. Jababeka XVIB Blok U 8 C, Kawasan Industri Jababeka, Kec. Cikarang Utara, Kabupaten Bekasi, Jawa Barat 17530",Kabupaten Bekasi,Jawa Barat
jbk-311,PT. Nirmala Trinti Indonesia,"Jl. Jababeka XVI Blok U 3, Kawasan Industri Jababeka, Kec. Cikarang Utara, Kabupaten Bekasi, Jawa Barat 17530",Kabupaten Bekasi,Jawa Barat
jbk-312,PT. Norasti Bangun Sejati,"Jl. Jababeka VIIA Blok B 11 L, Kawasan Industri Jababeka, Kec. Cikarang Utara, Kabupaten Bekasi, Jawa Barat 17530",Kabupaten Bekasi,Jawa Barat
jbk-313,PT. Nurwan Sutedja,"Jl. Jababeka IIID Blok C 18 V, Kawasan Industri Jababeka, Kec. Cikarang Utara, Kabupaten Bekasi, Jawa Barat 17530",Kabupaten Bekasi,Jawa Barat
jbk-314,PT. Nusa Integra,"Jl. Jababeka XVI Blok U 9 A, Kawasan Industri Jababeka, Kec. Cikarang Utara, Kabupaten Bekasi, Jawa Barat 17530",Kabupaten Bekasi,Jawa Barat
jbk-315,PT. O K Chinese Herbal Medicine Mfg. Co,"Jl. Jababeka IID Blok C 15 R, Kawasan Industri Jababeka, Kec. Cikarang Utara, Kabupaten Bekasi, Jawa Barat 17530",Kabupaten Bekasi,Jawa Barat
jbk-316,PT. Ochiai Menara Indonesia,"Jl. Jababeka V Blok I 3 T, Kawasan Industri Jababeka, Kec. Cikarang Utara, Kabupaten Bekasi, Jawa Barat 17530",Kabupaten Bekasi,Jawa Barat
jbk-317,PT. Olahan Sawit Persada,"Jl. Industri Selatan Blok HH 8, Kawasan Industri Jababeka, Kec. Cikarang Utara, Kabupaten Bekasi, Jawa Barat 17530",Kabupaten Bekasi,Jawa Barat
jbk-318,PT. Pandawa Sembada,"Jl. Jababeka XIVA Blok J 5 G, Kawasan Industri Jababeka, Kec. Cikarang Utara, Kabupaten Bekasi, Jawa Barat 17530",Kabupaten Bekasi,Jawa Barat
jbk-319,PT. Pandu Sena Swajaya,"Jl. Jababeka IIIH Blok C 17 U, Kawasan Industri Jababeka, Kec. Cikarang Utara, Kabupaten Bekasi, Jawa Barat 17530",Kabupaten Bekasi,Jawa Barat
jbk-320,PT. Papyrus Sakti,"Jl. Jababeka XVIIE Blok U 24 A, Kawasan Industri Jababeka, Kec. Cikarang Utara, Kabupaten Bekasi, Jawa Barat 17530",Kabupaten Bekasi,Jawa Barat
jbk-321,PT. PASCALINDO SMASHHIT CHROME,"Jl. Jababeka XVII E Blok U No.25 B-C, Kawasan Industri Jababeka, Kec. Cikarang Utara, Kabupaten Bekasi, Jawa Barat 17530",Kabupaten Bekasi,Jawa Barat
jbk-322,PT. Pema Meta Presindo,"Jl. Industri Selatan 2 Blok JJ 1, Kawasan Industri Jababeka, Kec. Cikarang Utara, Kabupaten Bekasi, Jawa Barat 17530",Kabupaten Bekasi,Jawa Barat
jbk-323,PT. Penta Buana Duta,"Jl. Jababeka IIIH Blok C 17 1, Kawasan Industri Jababeka, Kec. Cikarang Utara, Kabupaten Bekasi, Jawa Barat 17530",Kabupaten Bekasi,Jawa Barat
jbk-324,PT. Penta Kimia Selaras,"Jl. Ind. sel. Blok OO No. 3G, Kawasan Industri Jababeka, Kec. Cikarang Utara, Kabupaten Bekasi, Jawa Barat 17530",Kabupaten Bekasi,Jawa Barat
jbk-325,PT. Perajutan Abadi,"Jl. Jababeka IID Blok C 14 K, Kawasan Industri Jababeka, Kec. Cikarang Utara, Kabupaten Bekasi, Jawa Barat 17530",Kabupaten Bekasi,Jawa Barat
jbk-326,PT. Perusahaan Industry,"Jl. Jababeka IIG Blok CC 21, Kawasan Industri Jababeka, Kec. Cikarang Utara, Kabupaten Bekasi, Jawa Barat 17530",Kabupaten Bekasi,Jawa Barat
jbk-327,PT. Pido Trading Company,"Jl. Jababeka XVIIC Blok V 88 C, Kawasan Industri Jababeka, Kec. Cikarang Utara, Kabupaten Bekasi, Jawa Barat 17530",Kabupaten Bekasi,Jawa Barat
jbk-328,PT. Pimurho,"Jl. Jababeka XIA Blok K 5 G, Kawasan Industri Jababeka, Kec. Cikarang Utara, Kabupaten Bekasi, Jawa Barat 17530",Kabupaten Bekasi,Jawa Barat
jbk-329,PT. Polywin Indonesia,"Jl. Industri Selatan 2 Blok JJ 9, Kawasan Industri Jababeka, Kec. Cikarang Utara, Kabupaten Bekasi, Jawa Barat 17530",Kabupaten Bekasi,Jawa Barat
jbk-330,PT. Potters Intsia Indonesia,"Jl. Industri Selatan Blok PP 1A, Kawasan Industri Jababeka, Kec. Cikarang Utara, Kabupaten Bekasi, Jawa Barat 17530",Kabupaten Bekasi,Jawa Barat
jbk-331,PT. Prana Cipta Mulia,"Jl. Jababeka XIB Blok K 10 A, Kawasan Industri Jababeka, Kec. Cikarang Utara, Kabupaten Bekasi, Jawa Barat 17530",Kabupaten Bekasi,Jawa Barat
jbk-332,PT. Prestasi Cahaya Metalindo,"Jl. Jababeka XVIIB Blok U 35 C, Kawasan Industri Jababeka, Kec. Cikarang Utara, Kabupaten Bekasi, Jawa Barat 17530",Kabupaten Bekasi,Jawa Barat
jbk-333,PT. Prima Kompanindo,"Jl. Jababeka XVI Blok V 69 B, Kawasan Industri Jababeka, Kec. Cikarang Utara, Kabupaten Bekasi, Jawa Barat 17530",Kabupaten Bekasi,Jawa Barat
jbk-334,PT. Primasindo Makmur Kencana,"Jl. Jababeka Raya Blok C No. 1, Kawasan Industri Jababeka, Kec. Cikarang Utara, Kabupaten Bekasi, Jawa Barat 17530",Kabupaten Bekasi,Jawa Barat
jbk-335,PT. Primer Concordia Prakarsa,"Jl. Jababeka II Blok OO-ID, Kawasan Industri Jababeka, Kec. Cikarang Utara, Kabupaten Bekasi, Jawa Barat 17530",Kabupaten Bekasi,Jawa Barat
jbk-336,PT. Printec Perkasa,"Jl. Jababeka II Blok SS No. 4-5, Kawasan Industri Jababeka, Kec. Cikarang Utara, Kabupaten Bekasi, Jawa Barat 17530",Kabupaten Bekasi,Jawa Barat
jbk-337,PT. Procoat Energi Baru,"Jl. Jababeka II E Blok C 15 H, Kawasan Industri Jababeka, Kec. Cikarang Utara, Kabupaten Bekasi, Jawa Barat 17530",Kabupaten Bekasi,Jawa Barat
jbk-338,PT. Promas Daya,"Jl. Jababeka XIA Blok K 7 D, Kawasan Industri Jababeka, Kec. Cikarang Utara, Kabupaten Bekasi, Jawa Barat 17530",Kabupaten Bekasi,Jawa Barat
jbk-339,PT. Promas Paketindo Sejati,"Jl. Jababeka IXA Blok P 2 F, Kawasan Industri Jababeka, Kec. Cikarang Utara, Kabupaten Bekasi, Jawa Barat 17530",Kabupaten Bekasi,Jawa Barat
jbk-340,PT. Putra Hankuk,"Jl. Jababeka IIH Blok CC 9, Kawasan Industri Jababeka, Kec. Cikarang Utara, Kabupaten Bekasi, Jawa Barat 17530",Kabupaten Bekasi,Jawa Barat
jbk-341,PT. Ratna Dewi Tunggal Abadi,"Jl. Jababeka XII Blok W No. 10, Kawasan Industri Jababeka, Kec. Cikarang Utara, Kabupaten Bekasi, Jawa Barat 17530",Kabupaten Bekasi,Jawa Barat
jbk-342,PT. Ratna Dwi,"Jl. Jababeka XII Blok W No. 10, Kawasan Industri Jababeka, Kec. Cikarang Utara, Kabupaten Bekasi, Jawa Barat 17530",Kabupaten Bekasi,Jawa Barat
jbk-343,PT. Ratu Berlian Chroniccle,"Jl. Jababeka IX B Blok B 7 I, Kawasan Industri Jababeka, Kec. Cikarang Utara, Kabupaten Bekasi, Jawa Barat 17530",Kabupaten Bekasi,Jawa Barat
jbk-344,PT. Reckit & Colman Indonesia,"Jl. Jababeka XIV Blok J 14, Kawasan Industri Jababeka, Kec. Cikarang Utara, Kabupaten Bekasi, Jawa Barat 17530",Kabupaten Bekasi,Jawa Barat
jbk-345,PT. Reckitt & Colman Indonesia,"Jl. Jababeka XIV Blok J 10 H, Kawasan Industri Jababeka, Kec. Cikarang Utara, Kabupaten Bekasi, Jawa Barat 17530",Kabupaten Bekasi,Jawa Barat
jbk-346,PT. Rejeki Adigraha,"Jl. Jababeka IIIC Blok C 19, Kawasan Industri Jababeka, Kec. Cikarang Utara, Kabupaten Bekasi, Jawa Barat 17530",Kabupaten Bekasi,Jawa Barat
jbk-347,PT. Rekatama Alam Mandiri,"Jl. Jababeka XVIIE Blok U 26 B, Kawasan Industri Jababeka, Kec. Cikarang Utara, Kabupaten Bekasi, Jawa Barat 17530",Kabupaten Bekasi,Jawa Barat
jbk-348,PT. Rekindo Abaditama,"Jl. Jababeka IV Blok V No. 78 P, Kawasan Industri Jababeka, Kec. Cikarang Utara, Kabupaten Bekasi, Jawa Barat 17530",Kabupaten Bekasi,Jawa Barat
jbk-349,PT. Roda Cipta Inti Harum,"Jl. Industri Selatan 2 Blok JJ 6, Kawasan Industri Jababeka, Kec. Cikarang Utara, Kabupaten Bekasi, Jawa Barat 17530",Kabupaten Bekasi,Jawa Barat
jbk-350,PT. Rodamas,"Jl. Jababeka Raya Blok N 8, Kawasan Industri Jababeka, Kec. Cikarang Utara, Kabupaten Bekasi, Jawa Barat 17530",Kabupaten Bekasi,Jawa Barat
jbk-351,PT. ROKU MITRA TEKNIKATAMA,"Jl. Jababeka III Blok C Unit 45C, Kawasan Industri Jababeka, Kec. Cikarang Utara, Kabupaten Bekasi, Jawa Barat 17530",Kabupaten Bekasi,Jawa Barat
jbk-352,PT. Rolimex corp,"Jl. Jababeka XI Blok K 4 F, Kawasan Industri Jababeka, Kec. Cikarang Utara, Kabupaten Bekasi, Jawa Barat 17530",Kabupaten Bekasi,Jawa Barat
jbk-353,PT. Romindo Primavetcom,"Jl. Jababeka IIID Blok C 18 R, Kawasan Industri Jababeka, Kec. Cikarang Utara, Kabupaten Bekasi, Jawa Barat 17530",Kabupaten Bekasi,Jawa Barat
jbk-354,PT. Rudolf Poly Chemical,"Jl. Jababeka VIIB Blok K 2 G,H, Kawasan Industri Jababeka, Kec. Cikarang Utara, Kabupaten Bekasi, Jawa Barat 17530",Kabupaten Bekasi,Jawa Barat
jbk-355,PT. Safana Mahoni,"Jl. Jababeka VIID Blok K 1 F, Kawasan Industri Jababeka, Kec. Cikarang Utara, Kabupaten Bekasi, Jawa Barat 17530",Kabupaten Bekasi,Jawa Barat
jbk-356,PT. Samhongsa Motor Indonesia,"Jl. Jababeka IV Blok C Unit 1 A-B, Kawasan Industri Jababeka, Kec. Cikarang Utara, Kabupaten Bekasi, Jawa Barat 17530",Kabupaten Bekasi,Jawa Barat
jbk-357,PT. Samjin Indonesia,"Jl. Jababeka IXA Blok P 2 C, Kawasan Industri Jababeka, Kec. Cikarang Utara, Kabupaten Bekasi, Jawa Barat 17530",Kabupaten Bekasi,Jawa Barat
jbk-358,PT. Samsung Electronics Indonesia,"Jl. Jababeka Raya Blok F 29-33, Kawasan Industri Jababeka, Kec. Cikarang Utara, Kabupaten Bekasi, Jawa Barat 17530",Kabupaten Bekasi,Jawa Barat
jbk-359,PT. San Miguei Sampoerna Packaging Industries Limi,"Jl. Jababeka XVI Blok V 42-43, Kawasan Industri Jababeka, Kec. Cikarang Utara, Kabupaten Bekasi, Jawa Barat 17530",Kabupaten Bekasi,Jawa Barat
jbk-360,PT. Sankyu Indonesia International,"Jl. Industri Selatan 2 Blok JJ 5, Kawasan Industri Jababeka, Kec. Cikarang Utara, Kabupaten Bekasi, Jawa Barat 17530",Kabupaten Bekasi,Jawa Barat
jbk-361,PT. Sarana Chrome Persada,"Jl. Jababeka XVIIE Blok U 25 B,C, Kawasan Industri Jababeka, Kec. Cikarang Utara, Kabupaten Bekasi, Jawa Barat 17530",Kabupaten Bekasi,Jawa Barat
jbk-362,PT. Sarana Grafika Indonesia,"Jl. Industri Selatan Blok N2, Kawasan Industri Jababeka, Kec. Cikarang Utara, Kabupaten Bekasi, Jawa Barat 17530",Kabupaten Bekasi,Jawa Barat
jbk-363,PT. Sari Takagi Elok Produk,"Jl. Jababeka Raya Blok F 33, Kawasan Industri Jababeka, Kec. Cikarang Utara, Kabupaten Bekasi, Jawa Barat 17530",Kabupaten Bekasi,Jawa Barat
jbk-364,PT. Saripangan Mulia Sutidja,"Jl. Jababeka IIG Blok CC 3, Kawasan Industri Jababeka, Kec. Cikarang Utara, Kabupaten Bekasi, Jawa Barat 17530",Kabupaten Bekasi,Jawa Barat
jbk-365,PT. Sedapindo Trijaya,"Jl. Jababeka XIA Blok K 9 C, Kawasan Industri Jababeka, Kec. Cikarang Utara, Kabupaten Bekasi, Jawa Barat 17530",Kabupaten Bekasi,Jawa Barat
jbk-366,PT. Seimisu Indonesia,"Jl. Industri Selatan Blok RR 10, Kawasan Industri Jababeka, Kec. Cikarang Utara, Kabupaten Bekasi, Jawa Barat 17530",Kabupaten Bekasi,Jawa Barat
jbk-367,PT. Sentosa Eka Perdana Prima,"Jl. Jababeka XIIIIA Blok K 9 A, Kawasan Industri Jababeka, Kec. Cikarang Utara, Kabupaten Bekasi, Jawa Barat 17530",Kabupaten Bekasi,Jawa Barat
jbk-368,PT. Sentramas Bangun Makmurindo,"Jl. Jababeka XVIB Blok U 8 A, Kawasan Industri Jababeka, Kec. Cikarang Utara, Kabupaten Bekasi, Jawa Barat 17530",Kabupaten Bekasi,Jawa Barat
jbk-369,PT. Seoul Electric System indonesia,"Jl. Jababeka VIIB Blok K 2 E, Kawasan Industri Jababeka, Kec. Cikarang Utara, Kabupaten Bekasi, Jawa Barat 17530",Kabupaten Bekasi,Jawa Barat
jbk-370,PT. Servo Indonesia,"Jl. Jababeka VIIG Blok R 2 N, Kawasan Industri Jababeka, Kec. Cikarang Utara, Kabupaten Bekasi, Jawa Barat 17530",Kabupaten Bekasi,Jawa Barat
jbk-371,PT. Sess Indonesia,"Jl. Jababeka VII Blok L 8 E.I, Kawasan Industri Jababeka, Kec. Cikarang Utara, Kabupaten Bekasi, Jawa Barat 17530",Kabupaten Bekasi,Jawa Barat
jbk-372,PT. Setia Pesona Cipta,"Jl. Jababeka IVC Blok T 2 B, Kawasan Industri Jababeka, Kec. Cikarang Utara, Kabupaten Bekasi, Jawa Barat 17530",Kabupaten Bekasi,Jawa Barat
jbk-373,PT. Showa Indonesia Manufacturing,"Jl. Jababeka XVI Blok U 6, Kawasan Industri Jababeka, Kec. Cikarang Utara, Kabupaten Bekasi, Jawa Barat 17530",Kabupaten Bekasi,Jawa Barat
jbk-374,PT. SHUKET ENGINEERING,"Jl. Industri Selatan 1 Blok PP 2A, Kawasan Industri Jababeka, Kec. Cikarang Utara, Kabupaten Bekasi, Jawa Barat 17530",Kabupaten Bekasi,Jawa Barat
jbk-375,PT. Siap Mandiri,"Jl. Industri Selatan 2 Blok JJ 15, Kawasan Industri Jababeka, Kec. Cikarang Utara, Kabupaten Bekasi, Jawa Barat 17530",Kabupaten Bekasi,Jawa Barat
jbk-376,PT. Sin Siong Men,"Jl. Jababeka IIj Blok CC 3, Kawasan Industri Jababeka, Kec. Cikarang Utara, Kabupaten Bekasi, Jawa Barat 17530",Kabupaten Bekasi,Jawa Barat
jbk-377,PT. Sinasahi Solder Indonesia,"Jl. Jababeka IVC Blok T 2 J, Kawasan Industri Jababeka, Kec. Cikarang Utara, Kabupaten Bekasi, Jawa Barat 17530",Kabupaten Bekasi,Jawa Barat
jbk-378,PT. Sitech Indonesia,"Jl. Jababeka IIG Blok C 16 Q, Kawasan Industri Jababeka, Kec. Cikarang Utara, Kabupaten Bekasi, Jawa Barat 17530",Kabupaten Bekasi,Jawa Barat
jbk-379,PT. Soen Yenny Yuliana,"Jl. Jababeka IIG Blok CC 22, Kawasan Industri Jababeka, Kec. Cikarang Utara, Kabupaten Bekasi, Jawa Barat 17530",Kabupaten Bekasi,Jawa Barat
jbk-380,PT. Star Limo / Starasauto Dinamika,"Jl. Jababeka X Blok G 33-34, Kawasan Industri Jababeka, Kec. Cikarang Utara, Kabupaten Bekasi, Jawa Barat 17530",Kabupaten Bekasi,Jawa Barat
jbk-381,PT. STILMETINDO PRIMA,"Jl. Jababeka XII Blok W/16 K.I, Kawasan Industri Jababeka, Kec. Cikarang Utara, Kabupaten Bekasi, Jawa Barat 17530",Kabupaten Bekasi,Jawa Barat
jbk-382,PT. Strok Screens Indonesia,"Jl. Jababeka Raya Blok C 1, Kawasan Industri Jababeka, Kec. Cikarang Utara, Kabupaten Bekasi, Jawa Barat 17530",Kabupaten Bekasi,Jawa Barat
jbk-383,PT. Sukmaco Eka Furnia,"Jl. Jababeka IIIH Blok C 17 H, Kawasan Industri Jababeka, Kec. Cikarang Utara, Kabupaten Bekasi, Jawa Barat 17530",Kabupaten Bekasi,Jawa Barat
jbk-384,PT. Sukses Medicom Presisi,"Jl. Jababeka VI Blok J 6 O, Kawasan Industri Jababeka, Kec. Cikarang Utara, Kabupaten Bekasi, Jawa Barat 17530",Kabupaten Bekasi,Jawa Barat
jbk-385,PT. Sumatera Inti Persada,"Jl. Jababeka IIJ Blok CC 32, Kawasan Industri Jababeka, Kec. Cikarang Utara, Kabupaten Bekasi, Jawa Barat 17530",Kabupaten Bekasi,Jawa Barat
jbk-386,PT. Sumber Aneka Karya Abadi,"Jl. Jababeka VIIA Blok B 11 T, Kawasan Industri Jababeka, Kec. Cikarang Utara, Kabupaten Bekasi, Jawa Barat 17530",Kabupaten Bekasi,Jawa Barat
jbk-387,PT. Sumber Karya,"Jl. Jababeka XIVA Blok J 5 L, Kawasan Industri Jababeka, Kec. Cikarang Utara, Kabupaten Bekasi, Jawa Barat 17530",Kabupaten Bekasi,Jawa Barat
jbk-388,PT. Sumber Makmur Lestari,"Jl. Jababeka V Blok F 5, Kawasan Industri Jababeka, Kec. Cikarang Utara, Kabupaten Bekasi, Jawa Barat 17530",Kabupaten Bekasi,Jawa Barat
jbk-389,PT. Sumiko Tec Pacific,"Jl. Jababeka Raya Blok K 1 G,H, Kawasan Industri Jababeka, Kec. Cikarang Utara, Kabupaten Bekasi, Jawa Barat 17530",Kabupaten Bekasi,Jawa Barat
jbk-390,PT. Sung Woo Platech,"Jl. Jababeka XIV Blok J 11 G, Kawasan Industri Jababeka, Kec. Cikarang Utara, Kabupaten Bekasi, Jawa Barat 17530",Kabupaten Bekasi,Jawa Barat
jbk-391,PT. Super Intermetal Abadi,"Jl. Jababeka XIV Blok J 11 F, Kawasan Industri Jababeka, Kec. Cikarang Utara, Kabupaten Bekasi, Jawa Barat 17530",Kabupaten Bekasi,Jawa Barat
jbk-392,PT. Surya Anugerah Setiaabadi,"Jl. Jababeka IVC Blok T 2 G, Kawasan Industri Jababeka, Kec. Cikarang Utara, Kabupaten Bekasi, Jawa Barat 17530",Kabupaten Bekasi,Jawa Barat
jbk-393,PT. Suyuga Pratama Indonesia (Bumiraya Megaprima),"Jl. Jababeka IIIH Blok C 17 C, Kawasan Industri Jababeka, Kec. Cikarang Utara, Kabupaten Bekasi, Jawa Barat 17530",Kabupaten Bekasi,Jawa Barat
jbk-394,PT. Swadaya Harapan Nusantara,"Jl. Jababeka III-H Blok C Unit 17-BA, Kawasan Industri Jababeka, Kec. Cikarang Utara, Kabupaten Bekasi, Jawa Barat 17530",Kabupaten Bekasi,Jawa Barat
jbk-395,PT. Tae Bong Electronics Indonesia,"Jl. Jababeka X Blok F 7, Kawasan Industri Jababeka, Kec. Cikarang Utara, Kabupaten Bekasi, Jawa Barat 17530",Kabupaten Bekasi,Jawa Barat
jbk-396,PT. Tai Electronic Indonesia,"Jl. Jababeka IV Blok T 1 E,F, Kawasan Industri Jababeka, Kec. Cikarang Utara, Kabupaten Bekasi, Jawa Barat 17530",Kabupaten Bekasi,Jawa Barat
jbk-397,PT. Taiyo Giken Kogyo Co. Ltd.,"Jl. Industri Selatan 2 Blok MM 17, Kawasan Industri Jababeka, Kec. Cikarang Utara, Kabupaten Bekasi, Jawa Barat 17530",Kabupaten Bekasi,Jawa Barat
jbk-398,PT. Takita Manufacturing Indonesia,"Jl. Jababeka XVIID Blok U 29 A, Kawasan Industri Jababeka, Kec. Cikarang Utara, Kabupaten Bekasi, Jawa Barat 17530",Kabupaten Bekasi,Jawa Barat
jbk-399,PT. Tambuntua Bersaudara,"Jl. Jababeka XI Blok J 10 C, Kawasan Industri Jababeka, Kec. Cikarang Utara, Kabupaten Bekasi, Jawa Barat 17530",Kabupaten Bekasi,Jawa Barat
jbk-400,PT. Tanuri Husatama,"Jl. Jababeka VI A SFB Blok 6 D, Kawasan Industri Jababeka, Kec. Cikarang Utara, Kabupaten Bekasi, Jawa Barat 17530",Kabupaten Bekasi,Jawa Barat
jbk-401,PT. Tata Kompanika,"Jl. Jababeka II Blok C 29, Kawasan Industri Jababeka, Kec. Cikarang Utara, Kabupaten Bekasi, Jawa Barat 17530",Kabupaten Bekasi,Jawa Barat
jbk-402,PT. Teh Hsin Industry Indonesia,"Jl. Jababeka IV Blok T 1 GH, Kawasan Industri Jababeka, Kec. Cikarang Utara, Kabupaten Bekasi, Jawa Barat 17530",Kabupaten Bekasi,Jawa Barat
jbk-403,PT. Tekpak Indonesia,"Jl. Jababeka IV Blok T 1 H, Kawasan Industri Jababeka, Kec. Cikarang Utara, Kabupaten Bekasi, Jawa Barat 17530",Kabupaten Bekasi,Jawa Barat
jbk-404,PT. Teksindo Delta Jaya,"Jl. Jababeka VII Blok K 6 A, Kawasan Industri Jababeka, Kec. Cikarang Utara, Kabupaten Bekasi, Jawa Barat 17530",Kabupaten Bekasi,Jawa Barat
jbk-405,PT. Tekun Asas Sumber Makmur,"Jl. Jababeka II Blok C 23, Kawasan Industri Jababeka, Kec. Cikarang Utara, Kabupaten Bekasi, Jawa Barat 17530",Kabupaten Bekasi,Jawa Barat
jbk-406,PT. Terali Alumunium Perkasa,"Jl. Industri Utara 1 Blok WW 11, Kawasan Industri Jababeka, Kec. Cikarang Utara, Kabupaten Bekasi, Jawa Barat 17530",Kabupaten Bekasi,Jawa Barat
jbk-407,PT. Tesso Tepra Chemika,"Jl. Industri Selatan 2 Blok JJ No. 4, Kawasan Industri Jababeka, Kec. Cikarang Utara, Kabupaten Bekasi, Jawa Barat 17530",Kabupaten Bekasi,Jawa Barat
jbk-408,PT. Thai Plywood Co Ltd,"Jl. Jababeka VIIA Blok B 11 J, Kawasan Industri Jababeka, Kec. Cikarang Utara, Kabupaten Bekasi, Jawa Barat 17530",Kabupaten Bekasi,Jawa Barat
jbk-409,PT. Thermadyne Utama Indonesia,"Jl. Jababeka IX-D Blok P/3, Kawasan Industri Jababeka, Kec. Cikarang Utara, Kabupaten Bekasi, Jawa Barat 17530",Kabupaten Bekasi,Jawa Barat
jbk-410,PT. Timur Raya Karya Mandiri,"Jl. Jababeka XVIIE Blok U 21 H, Kawasan Industri Jababeka, Kec. Cikarang Utara, Kabupaten Bekasi, Jawa Barat 17530",Kabupaten Bekasi,Jawa Barat
jbk-411,PT. Tirta Harum Pentatok,"Jl. Jababeka Raya Blok K I. C, Kawasan Industri Jababeka, Kec. Cikarang Utara, Kabupaten Bekasi, Jawa Barat 17530",Kabupaten Bekasi,Jawa Barat
jbk-412,PT. Tivent Lilia Sejahtera,"Jl. Jababeka VII Blok IX B C, Kawasan Industri Jababeka, Kec. Cikarang Utara, Kabupaten Bekasi, Jawa Barat 17530",Kabupaten Bekasi,Jawa Barat
jbk-413,PT. Tji David Tjahyadi qq,"Jl. Industri Utara 1 Blok SS 16, Kawasan Industri Jababeka, Kec. Cikarang Utara, Kabupaten Bekasi, Jawa Barat 17530",Kabupaten Bekasi,Jawa Barat
jbk-414,PT. TJOKRO BERSAUDARA CIKARANGINDO,"Jl. Jababeka IV Blok Kav. C3, Kawasan Industri Jababeka, Kec. Cikarang Utara, Kabupaten Bekasi, Jawa Barat 17530",Kabupaten Bekasi,Jawa Barat
jbk-415,PT. TOKYO SEIKO INDONESIA,"Jl. Industri Selatan 4 Blok GG No.5B, Kawasan Industri Jababeka, Kec. Cikarang Utara, Kabupaten Bekasi, Jawa Barat 17530",Kabupaten Bekasi,Jawa Barat
jbk-416,PT. Tolling Manufacture Industri,"Jl. Industri Selatan II Blok JJ No. 4, Kawasan Industri Jababeka, Kec. Cikarang Utara, Kabupaten Bekasi, Jawa Barat 17530",Kabupaten Bekasi,Jawa Barat
jbk-417,PT. Totan Global Indonesia,"Jl. Jababeka II Blok Kav. C 16 T, Kawasan Industri Jababeka, Kec. Cikarang Utara, Kabupaten Bekasi, Jawa Barat 17530",Kabupaten Bekasi,Jawa Barat
jbk-418,PT. Toya Konsep Alam,"Jl. Jababeka SFB Blok U no. 8 E, Kawasan Industri Jababeka, Kec. Cikarang Utara, Kabupaten Bekasi, Jawa Barat 17530",Kabupaten Bekasi,Jawa Barat
jbk-419,PT. Traktor Nusantara,"Jl. Jababeka IIIC Blok C 17 BA, Kawasan Industri Jababeka, Kec. Cikarang Utara, Kabupaten Bekasi, Jawa Barat 17530",Kabupaten Bekasi,Jawa Barat
jbk-420,PT. Tri Integral Enginnering,"Jl. Jababeka XVIB Blok U 9 C,D, Kawasan Industri Jababeka, Kec. Cikarang Utara, Kabupaten Bekasi, Jawa Barat 17530",Kabupaten Bekasi,Jawa Barat
jbk-421,PT. Tri Wall Indonesia,"Jl. Jababeka XVIIE Blok U 25 D,E, Kawasan Industri Jababeka, Kec. Cikarang Utara, Kabupaten Bekasi, Jawa Barat 17530",Kabupaten Bekasi,Jawa Barat
jbk-422,PT. Trilogam Indojaya,"Jl. Jababeka VIIG Blok R 1 I, Kawasan Industri Jababeka, Kec. Cikarang Utara, Kabupaten Bekasi, Jawa Barat 17530",Kabupaten Bekasi,Jawa Barat
jbk-423,PT. TriMitra Citrahasta,"Jl. Jababeka XIVA Blok J 5 J,K, Kawasan Industri Jababeka, Kec. Cikarang Utara, Kabupaten Bekasi, Jawa Barat 17530",Kabupaten Bekasi,Jawa Barat
jbk-424,PT. Tritools Indonesia,"Jl. Jababeka VIIG Blok R 1 G, Kawasan Industri Jababeka, Kec. Cikarang Utara, Kabupaten Bekasi, Jawa Barat 17530",Kabupaten Bekasi,Jawa Barat
jbk-425,PT. Tsuzuki Ariene Indonesia,"Jl. Jababeka IIG Blok C 16 U, Kawasan Industri Jababeka, Kec. Cikarang Utara, Kabupaten Bekasi, Jawa Barat 17530",Kabupaten Bekasi,Jawa Barat
jbk-426,PT. Tubalex Indah,"Jl. Jababeka IIH Blok CC 15, Kawasan Industri Jababeka, Kec. Cikarang Utara, Kabupaten Bekasi, Jawa Barat 17530",Kabupaten Bekasi,Jawa Barat
jbk-427,PT. Tuck Kong Indonesia,"Jl. Jababeka VIID Blok K 1 I, Kawasan Industri Jababeka, Kec. Cikarang Utara, Kabupaten Bekasi, Jawa Barat 17530",Kabupaten Bekasi,Jawa Barat
jbk-428,PT. Tunas Cemerlang Sarana,"Jl. Jababeka VIIG Blok R 1 C, Kawasan Industri Jababeka, Kec. Cikarang Utara, Kabupaten Bekasi, Jawa Barat 17530",Kabupaten Bekasi,Jawa Barat
jbk-429,PT. Tunggal Kurnia Sejati,"Jl. Jababeka Raya Blok B 2-3, Kawasan Industri Jababeka, Kec. Cikarang Utara, Kabupaten Bekasi, Jawa Barat 17530",Kabupaten Bekasi,Jawa Barat
jbk-430,PT. Unilever Indonesia,"Jl. Jababeka Raya Blok O, Kawasan Industri Jababeka, Kec. Cikarang Utara, Kabupaten Bekasi, Jawa Barat 17530",Kabupaten Bekasi,Jawa Barat
jbk-431,PT. Union Carbide Indonesia,"Jl. Jababeka VI Blok L 1-2, Kawasan Industri Jababeka, Kec. Cikarang Utara, Kabupaten Bekasi, Jawa Barat 17530",Kabupaten Bekasi,Jawa Barat
jbk-432,PT. Union Electrindo Perdana,"Jl. Industri Selatan Blok HH 1, Kawasan Industri Jababeka, Kec. Cikarang Utara, Kabupaten Bekasi, Jawa Barat 17530",Kabupaten Bekasi,Jawa Barat
jbk-433,PT. Union Metal Product Manufacturing,"Jl. Jababeka V Blok U 1, Kawasan Industri Jababeka, Kec. Cikarang Utara, Kabupaten Bekasi, Jawa Barat 17530",Kabupaten Bekasi,Jawa Barat
jbk-434,PT. Uniplas Ika Pratama,"Jl. Jababeka Raya Blok C 6-7, Kawasan Industri Jababeka, Kec. Cikarang Utara, Kabupaten Bekasi, Jawa Barat 17530",Kabupaten Bekasi,Jawa Barat
jbk-435,PT. United Tractors,"Jl. Jababeka XI Blok H,I 30-40, Kawasan Industri Jababeka, Kec. Cikarang Utara, Kabupaten Bekasi, Jawa Barat 17530",Kabupaten Bekasi,Jawa Barat
jbk-436,PT. Universal Blue Asia,"Jl. Jababeka III C Blok 17 BS, Kawasan Industri Jababeka, Kec. Cikarang Utara, Kabupaten Bekasi, Jawa Barat 17530",Kabupaten Bekasi,Jawa Barat
jbk-437,PT. Usra Tampi Indonesia,"Jl. Jababeka IXD Blok P 2 M, Kawasan Industri Jababeka, Kec. Cikarang Utara, Kabupaten Bekasi, Jawa Barat 17530",Kabupaten Bekasi,Jawa Barat
jbk-438,PT. Victory Blessings Indonesia,"Jl. Kawasan Jababeka V, Jalan Science Timur 1 Blok A5J No.5, Sertajaya, Cikarang Timur, Bekasi, Jawa Barat 17530, Kawasan Industri Jababeka, Sertajaya, Kec. Cikarang Timur, Kabupaten Bekasi, Jawa Barat 17530",Kabupaten Bekasi,Jawa Barat
jbk-439,PT. Video Display Glass Indonesia,"Jl. Industri Selatan 4 Blok PP II, Kawasan Industri Jababeka, Kec. Cikarang Utara, Kabupaten Bekasi, Jawa Barat 17530",Kabupaten Bekasi,Jawa Barat
jbk-440,PT. Viria Jaya Makmur Indonesia,"Jl. Jababeka XVIIB Blok U 35 D, Kawasan Industri Jababeka, Kec. Cikarang Utara, Kabupaten Bekasi, Jawa Barat 17530",Kabupaten Bekasi,Jawa Barat
jbk-441,PT. Visora Catur Divindo,"Jl. Jababeka XVIIE Blok U 24 A, Kawasan Industri Jababeka, Kec. Cikarang Utara, Kabupaten Bekasi, Jawa Barat 17530",Kabupaten Bekasi,Jawa Barat
jbk-442,PT. Webforge Indonesia,"Jl. Jababeka V Blok V 9, Kawasan Industri Jababeka, Kec. Cikarang Utara, Kabupaten Bekasi, Jawa Barat 17530",Kabupaten Bekasi,Jawa Barat
jbk-443,PT. Welltekindo Nusantara,"Jl. Jababeka V Blok U 24 D, Kawasan Industri Jababeka, Kec. Cikarang Utara, Kabupaten Bekasi, Jawa Barat 17530",Kabupaten Bekasi,Jawa Barat
jbk-444,PT. Wis Baru Utama,"Jl. Jababeka IIIH Blok C 17 K, Kawasan Industri Jababeka, Kec. Cikarang Utara, Kabupaten Bekasi, Jawa Barat 17530",Kabupaten Bekasi,Jawa Barat
jbk-445,PT. World Cup Indonesia,"Jl. Jababeka IIG Blok C 16 R, Kawasan Industri Jababeka, Kec. Cikarang Utara, Kabupaten Bekasi, Jawa Barat 17530",Kabupaten Bekasi,Jawa Barat
jbk-446,PT. Yakin Maju Sentosa,"Jl. Jababeka VIIG Blok R 1 E, Kawasan Industri Jababeka, Kec. Cikarang Utara, Kabupaten Bekasi, Jawa Barat 17530",Kabupaten Bekasi,Jawa Barat
jbk-447,PT. Yasufuku Indonesia,"Jl. Jababeka VII Blok K 7 C, Kawasan Industri Jababeka, Kec. Cikarang Utara, Kabupaten Bekasi, Jawa Barat 17530",Kabupaten Bekasi,Jawa Barat
jbk-448,PT. Yohzu Indonesia,"Jl. Jababeka XV Blok W 24 Mfc, Kawasan Industri Jababeka, Kec. Cikarang Utara, Kabupaten Bekasi, Jawa Barat 17530",Kabupaten Bekasi,Jawa Barat
jbk-449,PT. Young Jin Indonesia,"Jl. Industri Selatan 1 Blok OO 1 E, Kawasan Industri Jababeka, Kec. Cikarang Utara, Kabupaten Bekasi, Jawa Barat 17530",Kabupaten Bekasi,Jawa Barat
jbk-450,PT. Yuju Indonesia,"Jl. Industri Selatan 2 Blok MM 8, Kawasan Industri Jababeka, Kec. Cikarang Utara, Kabupaten Bekasi, Jawa Barat 17530",Kabupaten Bekasi,Jawa Barat
