 COMMON DATA ,,,,,,,,,,,,,,,SPECIFIC DATA,,,,,,,,,,,,Reminder Recalibration,,,TOTAL
,,,,,,,,,,,,,,,,,,,,,,,,,,,Analog,2,year,730
,,,,,,,,,,,,,,,,No,Jenis UTM,CMC (pH),,,,,,,,,Digital,1,year,365
,,,,,,,,,,,,,,,,,,,,,,,,,,,,365,,
,,,,,,,,,,,,,,,,1,4 pH,0.023,,,,,,,,,,,,
,,,,,,,,,,,,,,,,2,7 pH,0.021,,,,,,,,,,,,
,,,,,,,,,,,,,,,,3,10 pH,0.031,,,,,,,,,,,,
No,Pelaksana Kalibrasi,,,,,,,,,,,,,,,4,,,,,,,,,,,,,,
1,NR,,,,,,,,,,,,,,,5,,,,,,,,,,,,,,
2,DT,,,,,,,,,,,,,,,,,,,,,,,,,,,,,
3,JO,,,,,,,,,,,,,,,,,,,,,Now Date :,2026-07-16 14:14:34.110000,,,,,,,
4,CA,,,,,,,,,,,,,,,No,Standart Meter/Indikator,Merk/Type,S/N,Traceability,U95% (µS/cm),Calibration Date,Interval (tahun),Due Date,Status,,,,,
5,DR,,,,,,,,,,,,,,,1,pH Buffer Solution 4,Supelco/Merck,HC32513335    ,Merck KGaA,0.02,2023-06-29 00:00:00,3,2026-06-30 00:00:00,-16.593450347223552,,,,,
6,NS,,,,,,,,,,,,,,,2,pH Buffer Solution 7,Supelco/Merck,HC32465639,Merck KGaA,0.02,2023-06-30 00:00:00,3,2026-06-30 00:00:00,-16.593450347223552,,,,,
7,AJ,,,,,,,,,,,,,,,3,pH Buffer Solution 10,Supelco/Merck,HC20621738   ,Merck KGaA,0.03,2022-11-30 00:00:00,3,2025-11-30 00:00:00,-228.59345034722355,,,,,
,,,,,,,,,,,,,,,,4,Termometer & Sensor Std.,Constant/SH 10,99875850/20,LK-285-IDN/LK-070-IDN,0.5,2024-08-28 00:00:00,1,2025-08-28 00:00:00,-322.59345034722355,Constant,,,,
No,Dihitung Oleh,,,,,,,,,,,,,,,,,PT100/SH1,20,LK-070-IDN,0.06,2025-02-14 00:00:00,2,2027-02-14 00:00:00,212.40654965277645,pt100,,,,
1,AM,,,,,,,,,,,,,,,,,,,,,,,,,,,,,
2,NR,,,,,,,,,,,,,,,,,,,,,,,,,,,,,
3,DR,,,,,,,,,,,,,,,,,,,,,,,,,,,,,
,,,,,,,,,,,,,,,,,,,,,,,,,,,,,,
No,Penandatangan Sertifikat,Jabatan,,,,,,,,,,,,,,,,,,,,,,,,,,,,
1,IPD Wiska Susetio,Laboratory Director,,,,,,,,,,,,,,,,,,,,,,,,,,,,
2,Alex Misramto,Technical Manager,,,,,,,,,,,,,,,,,,,,,,,,,,,,
3,,,,,,,,,,,,,,,,,,,,,,,,,,,,,,
,,,,,,,,,,,,,,,,,,,,,,,,,,,,,,
,,,,,,,,,,,,,,,,,,,,,,,,,,,,,,
No,Environmental Meter,Temperature,,,,Kelembaban,,,,Lokasi,Tanggal Kalibrasi,Due Date Kalibrasi,,,,,,,,,,,,,,,,,,
,,Standart Indication,Instrument Indication,Correction,Uncertainty ±,Standart Indication,Instrument Indication,Correction,"Uncertainty
±",,,,Tertelusur,,,,,,,,,,,,,,,,,
,,oC,oC,oC,oC,%RH,%RH,%RH,%RH,,,,,NO TH,,,,,,,,,,,,,,,,
1,TH-1,20.41,20,0.41000000000000014,1.6,30.42,32,-1.5799999999999983,6.1,Inlab (Lab. Dimensi),2023-03-05 00:00:00,2025-03-04 00:00:00,LK-285-IDN,TH-1,,,,,,,,,,,,,,,,
,,25.93,25.5,0.4299999999999997,,50.51,52,-1.490000000000002,6.1,,,,,TH-2,,,,,,,,,,,,,,,,
,,30.78,30.4,0.38000000000000256,,60.92,62,-1.0799999999999983,6.1,,,,,TH-3,,,,,,,,,,,,,,,,
,,40.62,40.3,0.3200000000000003,,80.32,82,-1.6800000000000068,6.1,,,,,TH-4,,,,,,,,,,,,,,,,
,,50.46,50.1,0.35999999999999943,,85.08,87,-1.9200000000000017,6.1,,,,,TH-5,,,,,,,,,,,,,,,,
2,TH-2,21.29,22.2,-0.9100000000000001,1.7,36.56,39,-2.4399999999999977,4.9,Insitu (Outsite),2025-04-08 00:00:00,2027-04-09 00:00:00,LK-285-IDN,TH-6,,,,,,,,,,,,,,,,
,,25.89,25.6,0.28999999999999915,,45.76,49,-3.240000000000002,4.9,,,,,TH-7,,,,,,,,,,,,,,,,
,,30.71,30.5,0.21000000000000085,,54.59,59,-4.409999999999997,4.8,,,,,,,,,,,,,,,,,,,,,
,,40.44,39.9,0.5399999999999991,,64.19,68,-3.8100000000000023,4.8,,,,,,,,,,,,,,,,,,,,,
,,50.41,49.8,0.6099999999999994,,80.27,82,-1.730000000000004,4.8,,,,,,,,,,,,,,,,,,,,,
3,TH-3,20.76,20.2,0.5600000000000023,1.8,29.85,30,-0.14999999999999858,4.7,Inlab (Lab. Volumetrik),2024-06-17 00:00:00,2024-06-17 00:00:00,LK-285-IDN,,,,,,,,,,,,,,,,,
,,25.04,24.5,0.5399999999999991,,50.22,50,0.21999999999999886,4.5,,,,,,,,,,,,,,,,,,,,,
,,30.17,29.7,0.4700000000000024,,60.64,60,0.6400000000000006,4.5,,,,,,,,,,,,,,,,,,,,,
,,40.21,39.7,0.509999999999998,,80.65,80,0.6500000000000057,4.5,,,,,,,,,,,,,,,,,,,,,
,,50.39,49.9,0.490000000000002,,84.88,85,-0.12000000000000455,4.5,,,,,,,,,,,,,,,,,,,,,
4,TH-4,20.25,20.2,0.05000000000000071,1.8,29.75,30,-0.25,4.7,General Lab. Room,2024-06-17 00:00:00,2024-06-17 00:00:00,LK-285-IDN,,,,,,,,,,,,,,,,,
,,25.22,25.1,0.11999999999999744,,50.19,50,0.18999999999999773,4.5,,,,,,,,,,,,,,,,,,,,,
,,30.4,30.3,0.09999999999999787,,60.54,60,0.5399999999999991,4.5,,,,,,,,,,,,,,,,,,,,,
,,40.13,40,0.13000000000000256,,80.53,80,0.5300000000000011,4.5,,,,,,,,,,,,,,,,,,,,,
,,50.23,50.1,0.12999999999999545,,84.68,85,-0.3199999999999932,4.5,,,,,,,,,,,,,,,,,,,,,
5,TH-5,21.51,20.6,0.9100000000000001,1.8,29.8,31,-1.1999999999999993,4.7,Inlab (Flowmeter Instalation),2024-06-17 00:00:00,2024-06-17 00:00:00,LK-285-IDN,,,,,,,,,,,,,,,,,
,,26.61,25.8,0.8099999999999987,,49.5,50,-0.5,4.5,,,,,,,,,,,,,,,,,,,,,
,,31.71,30.9,0.8100000000000023,,59.41,60,-0.5900000000000034,4.5,,,,,,,,,,,,,,,,,,,,,
,,40.46,40,0.46000000000000085,,79.52,80,-0.480000000000004,4.5,,,,,,,,,,,,,,,,,,,,,
,,51.24,50.8,0.44000000000000483,,84.81,85,-0.18999999999999773,4.5,,,,,,,,,,,,,,,,,,,,,
6,TH-6,21.35,21.1,0.25,1.8,30.98,31,-0.019999999999999574,4.7,Insitu (Outsite),2024-06-17 00:00:00,2024-06-17 00:00:00,LK-285-IDN,,,,,,,,,,,,,,,,,
,,26.5,26.2,0.3000000000000007,,50.48,50,0.4799999999999969,4.5,,,,,,,,,,,,,,,,,,,,,
,,31.71,31.3,0.41000000000000014,,60.57,60,0.5700000000000003,4.5,,,,,,,,,,,,,,,,,,,,,
,,40.28,39.8,0.480000000000004,,80.78,81,-0.21999999999999886,4.5,,,,,,,,,,,,,,,,,,,,,
,,51.07,50.6,0.46999999999999886,,85.36,85,0.35999999999999943,4.5,,,,,,,,,,,,,,,,,,,,,
7,TH-7,20.25,19.9,0.3500000000000014,1.8,29.65,30,-0.3500000000000014,4.7,Insitu (Outsite),2024-06-17 00:00:00,2024-06-17 00:00:00,LK-285-IDN,,,,,,,,,,,,,,,,,
,,25.22,24.9,0.3200000000000003,,50.09,50,0.09000000000000341,4.5,,,,,,,,,,,,,,,,,,,,,
,,30.4,30.1,0.29999999999999716,,60.48,60,0.4799999999999969,4.5,,,,,,,,,,,,,,,,,,,,,
,,40.13,39.8,0.3300000000000054,,80.45,80,0.45000000000000284,4.5,,,,,,,,,,,,,,,,,,,,,
,,50.23,50,0.22999999999999687,,84.04,84,0.04000000000000625,4.5,,,,,,,,,,,,,,,,,,,,,
,,,,,,,,,,,,,,,,,,,,,,,,,,,,,,
No,Jenis Pengukuran,"Metode Kalibrasi
(Latest IK)",,,,,,,,,,,,,,,,,,,,,,,,,,,,
1,Enclosure,SIDIK-IK-CAL-0501_Rev.6,,,,,,,,,,,,,,,,,,,,,,,,,,,,
2,TITS,SIDIK-IK-CAL-0502_Rev.3,,,,,,,,,,,,,,,,,,,,,,,,,,,,
3,TIDS,SIDIK-IK-CAL-0503_Rev.6,,,,,,,,,,,,,,,,,,,,,,,,,,,,
4,Pressure Gauge,SIDIK-IK-CAL-0504_Rev.6,,,,,,,,,,,,,,,,,,,,,,,,,,,,
5,Timbangan,SIDIK-IK-CAL-0505-Rev.7,,,,,,,,,,,,,,,,,,,,,,,,,,,,
6,pH Meter,SIDIK-IK-CAL-0506_Rev.6,,,,,,,,,,,,,,,,,,,,,,,,,,,,
7,Conductivity Meter,SIDIK-IK-CAL-0507_Rev.6,,,,,,,,,,,,,,,,,,,,,,,,,,,,
8,Spectrophotometer,SIDIK-IK-CAL-0508_Rev.4,,,,,,,,,,,,,,,,,,,,,,,,,,,,
9,Timer & Stopwatch,SIDIK-IK-CAL-0509_Rev.6,,,,,,,,,,,,,,,,,,,,,,,,,,,,
10,Volumetrik,SIDIK-IK-CAL-0510_Rev.7,,,,,,,,,,,,,,,,,,,,,,,,,,,,
11,Centrifuge & Tachometer,SIDIK-IK-CAL-0511_Rev.6,,,,,,,,,,,,,,,,,,,,,,,,,,,,
12,Kelistrikan,SIDIK-IK-CAL-0512_Rev.4,,,,,,,,,,,,,,,,,,,,,,,,,,,,
13,Gaya (UTM),SIDIK-IK-CAL-0513_Rev.4,,,,,,,,,,,,,,,,,,,,,,,,,,,,
14,Load Cell & Proving Ring,SIDIK-IK-CAL-0514_Rev.5,,,,,,,,,,,,,,,,,,,,,,,,,,,,
15,Mikrometer,SIDIK-IK-CAL-0515_Rev.3,,,,,,,,,,,,,,,,,,,,,,,,,,,,
16,Refractometer,SIDIK-IK-CAL-0516_Rev.4,,,,,,,,,,,,,,,,,,,,,,,,,,,,
17,Viscometer,SIDIK-IK-CAL-0517_Rev.3,,,,,,,,,,,,,,,,,,,,,,,,,,,,
18,Thermohygro,SIDIK-IK-CAL-0518_Rev.4,,,,,,,,,,,,,,,,,,,,,,,,,,,,
19,Dial Indicator,SIDIK-IK-CAL-0519_Rev.3,,,,,,,,,,,,,,,,,,,,,,,,,,,,
20,Jangka Sorong (Caliper),SIDIK-IK-CAL-0520_Rev.2,,,,,,,,,,,,,,,,,,,,,,,,,,,,
21,Verifikasi Metode Kerja Kalibrasi,SIDIK-IK-CAL-0521_Rev.1,,,,,,,,,,,,,,,,,,,,,,,,,,,,
22,"Micropipette,Dispenser, & Piston Buret",SIDIK-IK-CAL-0522_Rev.5,,,,,,,,,,,,,,,,,,,,,,,,,,,,
23,Turbidy Meter,SIDIK-IK-CAL-0523_Rev.1,,,,,,,,,,,,,,,,,,,,,,,,,,,,
24,Chlorine Meter,SIDIK-IK-CAL-0524_Rev.1,,,,,,,,,,,,,,,,,,,,,,,,,,,,
25,Hydrometer,SIDIK-IK-CAL-0525_Rev.3,,,,,,,,,,,,,,,,,,,,,,,,,,,,
26,Sieve Mesh,SIDIK-IK-CAL-0526_Rev.3,,,,,,,,,,,,,,,,,,,,,,,,,,,,
27,Thermometer Glass,SIDIK-IK-CAL-0527_Rev.1,,,,,,,,,,,,,,,,,,,,,,,,,,,,
28,Flowmeter,SIDIK-IK-CAL-0528_Rev.6,,,,,,,,,,,,,,,,,,,,,,,,,,,,
29,Thermocouple,SIDIK-IK-CAL-0529_Rev.2,,,,,,,,,,,,,,,,,,,,,,,,,,,,
30,DO Meter,SIDIK-IK-CAL-0530_Rev.2,,,,,,,,,,,,,,,,,,,,,,,,,,,,
31,Autoclave,SIDIK-IK-CAL-0531_Rev.4,,,,,,,,,,,,,,,,,,,,,,,,,,,,
32,Differential Pressure,SIDIK-IK-CAL-0532_Rev.0,,,,,,,,,,,,,,,,,,,,,,,,,,,,
33,Pressure Transmitter,SIDIK-IK-CAL-0533_Rev.0,,,,,,,,,,,,,,,,,,,,,,,,,,,,
34,Vacuum Gauge,SIDIK-IK-CAL-0534_Rev.1,,,,,,,,,,,,,,,,,,,,,,,,,,,,
,,,,,,,,,,,,,,,,,,,,,,,,,,,,,,
,,,,,,,,,,,,,,,,,,,,,,,,,,,,,,
No,Validasi,Jabatan,,,,,,,,,,,,,,,,,,,,,,,,,,,,
1,AM,Technical Manager,,,,,,,,,,,,,,,,,,,,,,,,,,,,
2,NR,Supervisor,,,,,,,,,,,,,,,,,,,,,,,,,,,,
3,DR,Data Analyst,,,,,,,,,,,,,,,,,,,,,,,,,,,,
4,NS,Data Analyst,,,,,,,,,,,,,,,,,,,,,,,,,,,,
