Uncertainty Budget sebagai Pendukung Kemampuan Kalibrasi dan Pengukuran (CMC),,,,,,,,,,,,,,,,,,,,,,,,,,,,,,,,,,,
Nama laboratorium,,,:,PT. SISTEM DIRGANTARA INOVASI TEKNOLOGI,,,,,,,,,,,,,,,,,,,,,,,,,,,,,,,
Alamat,,,:,[ALAMAT PELANGGAN DIREDAKSI],,,,,,,,,,,,,,,,,,,,,,,,,,,,,,,
UNCERTAINTY BUDGET SEBAGAI PENDUKUNG KLAIM CMC,,,,,,,,,,,,,,,,,,,,,,,,,,,,,,,,,,,
Besaran yang diukur,,,:,Densitas,,,,,,,,,,,,,,,,,,,,,,,,,,,,,,,
Jenis alat yang dikalibrasi,,,:,Hydrometer,,,,,,,,,,,,,,,,,,,,,,,,,,,,,,,
Standar yang digunakan,,,:,Standard Name,,,Merk,Type,SN,,Alat bantu,,,Merk,Type,SN,,,,,,,,,,,,,,,,,,,
,,,,Timbangan Analitik,,,Fujitsu,FS-AR210,INS-N1600555,,Thermohygro,,,HTC,-,TH-3,,,,,,,,,,,,,,,,,,,
,,,,Digital Caliper,,,Tesa,Cal-IP67,LPI 0368,,Thermobarometer,,,Lutron,MHB372,AM02225,,,,,,,,,,,,,,,,,,,
,,,,Temperature Calibrator,,,Yokogawa,CA 150 Handy,23P1005,,,,,,,,,,,,,,,,,,,,,,,,,,
,,,,Temperature Sensor,,,Tc-Limited,PRT-PT100,SH1/20,,,,,,,,,,,,,,,,,,,,,,,,,,
Model matematis pengukuran,,,:,,,,,,,,,,,,,,,,,,,,,,,,,,,,,,,,
CALIBRATION BUDGET UNCERTAINTY,,,,,,,,,,,,,,,,,,,,,,,,,,,,,,,,,,,
,Nama Alat,,:,Hidrometer [='INPUT DATA'!E10],,,,,,,,,,,,,,,,,,,,,,,,,,,,,,,
,Kapasitas,,:,2 [=PERHITUNGAN!G8],g/ml,,,,,,,,,,,,,,,,,,,,,,,,,,,,,,
,Resolusi,,:,0.001 [=PERHITUNGAN!G9],g/ml,,,,,,,,,,,,,,,,,,,,,,,,,,,,,,
Uncertainty of Calibrator (Standard),,,,,,,,,,,,,,,,,,,,,,,,,,,,,,,,,,,
1,Water Destillate Weighing (U massa aqudest),,,,,,,2,Temperature (U Temperature),,,,,,,,,,,,,,,,,,,,,,,,,,
,a.,Utimb (g),= [=],,,,,,a.,U95% Thermometer Certificate (oC),,= [=],,,,,,,,,,,,,,,,,,,,,,,
,,LOP atau read.,:,0.00074,,,,,,U95% Thermometer,,:,0.72,,,,,,,,,,,,,,,,,,,,,,
,,k atau 31/2,:,2,,,,,,k,,:,2,,,,,,,,,,,,,,,,,,,,,,
,,Utimb (g),= [=],0.00037 [=E29/E30],,,,,,Utemp. (oC),,= [=],0.36 [=N29/N30],,,,,,,,,,,,,,,,,,,,,,
,b.,Urepeat (g),= [=],,,,,,b.,U95% Sensor Certificate (oC),,= [=],,,,,,,,,,,,,,,,,,,,,,,
,,stdev timb,:,0.0001,,,,,,U95% Sensor,,:,0.06,,,,,,,,,,,,,,,,,,,,,,
,,n,:,10,,,,,,k,,:,2,,,,,,,,,,,,,,,,,,,,,,
,,Urepeat (g),= [=],3.1622776601683795e-05 [=E34/SQRT(E35)],,,,,,Utemp. (oC),,= [=],0.03 [=N34/N35],,,,,,,,,,,,,,,,,,,,,,
,C.,Umassa adest (g),= [=],,,,,,c.,Ut-water (oC),,= [=],,,,,,,,,,,,,,,,,,,,,,,
,,,= [=],0.0003713488925525428 [=SQRT((E31)^2+(E36)^2)],,,,,,(Tmax-Tmin)Water,,:,0 [=PERHITUNGAN!L52-PERHITUNGAN!M52],,,,,,,,,,,,,,,,,,,,,,
,,,,,,,,,,2√3,,:,3.4641016151377544 [=2*SQRT(3)],,,,,,,,,,,,,,,,,,,,,,
,,,,,,,,,,Ut-water (oC),,= [=],0 [=N39/N40],,,,,,,,,,,,,,,,,,,,,,
,,,,,,,,,d.,Ut-water (oC),,= [=],,,,,,,,,,,,,,,,,,,,,,,
,,,= [=],0.6138403920802324 [=(PERHITUNGAN!J84*PERHITUNGAN!R81)/PERHITUNGAN!J86],,,,,,UTemperature (oC),,= [=],0.36124783736376886 [=SQRT((N31)^2+(N36)^2+(N41)^2)],,,,,,,,,,,,,,,,,,,,,,
,,,= [=],6.138403920802325e-06 [=(PERHITUNGAN!$J$84*PERHITUNGAN!$R$81*PERHITUNGAN!$J$85)/PERHITUNGAN!$J$86],,= [=],1.3973658323743223 [=PERHITUNGAN!G59*Q50],,,,,,,,,,,,,,,,,,,,,,,,,,,,
,,,= [=],46.038029406017436 [=(PERHITUNGAN!$J$84*PERHITUNGAN!$R$81*PERHITUNGAN!$R$82)/PERHITUNGAN!$J$86],,= [=],0.0015973958877814887 [=PERHITUNGAN!$J$80*Q49],,46.03784525463642 [=E45/PERHITUNGAN!J86],,6.138379367284857e-06 [=E44/PERHITUNGAN!J86],,,,,,,,,,,,,,,,,,,,,,,,
,SKALA 1,,,1.8 [=PERHITUNGAN!G33],g/ml,,,,,,,,,,,,,,,,,,,,,,,,,,,,,,
,,Ut,: ,Ketidakpastian Temperatur meter,,,0.36124783736376886 [=$N$43],oC,,,fta,:,Temperature Correction factor udara,,,1.4500000009011242 [=1+(PERHITUNGAN!$J$87*(PERHITUNGAN!$G$15-20))],ml,,,,,,,,,,,,,,,,,,
,,Uth,: ,Ketidakpastian Thermohygro,,,1.2041594578792296 [=PERHITUNGAN!$P$15],oC,,,ftl,:,Temperature Correction factor liquid,,,1.4000000008009985 [=1+(PERHITUNGAN!$J$87*(PERHITUNGAN!G52-20))],ml,,,,,,,,,,,,,,,,,,
,,,,,,,3.1622776601683795 [=PERHITUNGAN!$P$16],%RH,,,,,,,,,,,,,,,,,,,,,,,,,,,
,,Uv,:,Ketidakpastian Vernier ,,,0.0015 [=0.015/10],cm,,,,,,,,,,,,,,,,,,,,,,,,,,,
,,Koefisien Sensitivitas (7.9),,,Koefisien Sensitivitas (7.11),,,Koefisien Sensitivitas suhu air,,,,,,,,,,,,,,,,,,,,,,,,,,,
,,-0.10881102585593508 [=(((PERHITUNGAN!$J$82-PERHITUNGAN!G44+'NILAI U95%'!$E$44)*('NILAI U95%'!$H$44-'NILAI U95%'!$H$45))-(('NILAI U95%'!$H$44-'NILAI U95%'!$H$45)*(PERHITUNGAN!$J$82+'NILAI U95%'!$E$45)))*$O$55],Mass Hydrometer diudara,,-2.140898157374662 [=(((PERHITUNGAN!$J$82-PERHITUNGAN!G44+'NILAI U95%'!$E$44)*('NILAI U95%'!$H$44-'NILAI U95%'!$H$45)*(-'NILAI U95%'!$J$45)-(('NILAI U95%'!$H$44-'NILAI U95%'!$H$45)*(PERHITUNGAN!$J$82+'NILAI U95%'!$E$45)*(-$E$44)))*(PERHITUNGAN!$J$82-PERHITUNGAN!G44+'NILAI U95%'!$E$44)^-2)],Lokal Gravity,,3.333585669987012 [=PERHITUNGAN!$L$59*(PERHITUNGAN!$J$82+'NILAI U95%'!$E$45)/(PERHITUNGAN!$J$82-PERHITUNGAN!G44+'NILAI U95%'!$E$44)],,,,,,0.0011100324625028819 [=(PERHITUNGAN!$J$82-PERHITUNGAN!G44+$E$44)^-2],,,,,,,,,,,,,,,,,,,,,
,,Koefisien Sensitivitas (7.10),,,Koefisien Sensitivitas (7.12),,,Koefisien Sensitivitas suhu udara,,,,,,,,,,,,,,,,,,,,,,,,,,,
,,2.1409067209711052 [=(((PERHITUNGAN!$J$82-PERHITUNGAN!G44+$E$44)*(($H$44-$H$45)*$E$45))-(($H$44-$H$45)*(PERHITUNGAN!$J$82+$E$45)*$E$44))*(PERHITUNGAN!$J$82-PERHITUNGAN!G44+$E$44)^-2],Stem Diameter,,0.09533803843207936 [=(($H$44-$H$45)*(PERHITUNGAN!$J$82+$E$45)*($E$43))*(PERHITUNGAN!$J$82-PERHITUNGAN!G44+$E$44)^-2],Surface Tension,,-0.0025777230285131984 [=PERHITUNGAN!$J$80-(PERHITUNGAN!$J$80*(PERHITUNGAN!$J$82+'NILAI U95%'!$E$45)/(PERHITUNGAN!$J$82-PERHITUNGAN!G44+'NILAI U95%'!$E$44))],xxxx,,,,,,,,,,,,,,,,,,,,,,,,,,
,,0.15531405176676305 [=((($H$44-$H$45)*(PERHITUNGAN!$J$82+'NILAI U95%'!$E$45)))*$O$55],Mass Hydrometer diCairan,,,,,,,,,,,,,,,,,,,,,,,,,,,,,,,,
1,,Component,Unit,Distribution,U,Divisor,vi,ui,ci,uici,(uici)2,(uici)4/vi,,,,,,,,,,,,,,,,,,,,,,,
,,(1),(2),(3),(4),(5),(6),(7),(8),(9),(10),(11),,,,,,,,,,,,,,,,,,,,,,,
,,Hydrometer Indication (Pengulangan),g/ml [=$F$21],T-Student,0.00016678304963432217 [=PERHITUNGAN!G105],1.7320508075688772 [=SQRT(3)],2 [=3-1],9.629223860264263e-05 [=F63/G63],1,9.629223860264263e-05 [=I63*J63],9.272195215108258e-09 [=K63^2],4.298680205353824e-17 [=(L63^2)/H63],,,,,,,,,,,,,,,,,,,,,,,
,,Resolution of Hydrometer,g/ml [=$F$21],Rectangular,0.001 [=$E$22],3.4641016151377544 [=SQRT(12)],50,0.0002886751345948129 [=F64/G64],1,0.0002886751345948129 [=I64*J64],8.333333333333334e-08 [=K64^2],1.388888888888889e-16 [=(L64^2)/H64],,Liquid Temp:,,,,,,,,,,,,,,,,,,,,,
,,Liquid Temperature (cairan),oC,Normal,2.9049999999999893e-11 [=(PERHITUNGAN!$J$85^2*$H$49^2)+((PERHITUNGAN!G52-20)^2*PERHITUNGAN!$J$85^2)],2,60,1.4524999999999946e-11 [=F65/G65],3.333585669987012 [=I55],4.8420331856561166e-11 [=I65*J65],2.3445285370995123e-21 [=K65^2],9.161356768789966e-44 [=(L65^2)/H65],,,,,,,,,,,,,,,,,,,,,,,
,,Air Temperature (udara),oC,Normal,1.6524999999999997e-10 [=(PERHITUNGAN!$J$85^2*'NILAI U95%'!$H$50^2)+((PERHITUNGAN!$G$15-20)^2*PERHITUNGAN!$J$85^2)],2,60,8.262499999999999e-11 [=F66/G66],-0.0025777230285131984 [=I57],-2.1298436523090298e-13 [=I66*J66],4.536233983281067e-26 [=K66^2],3.4295697918456697e-53 [=(L66^2)/H66],,,,,,,,,,,,,,,,,,,,,,,
,,Density of Liquid Reference,g/ml [=$F$21],Normal,5e-05,2,60,2.5e-05 [=F67/G67],1,2.5e-05 [=I67*J67],6.25e-10 [=K67^2],6.5104166666666674e-21 [=(L67^2)/H67],,,,,,,,,,,,,,,,,,,,,,,
,,Density of Air,g/ml [=$F$21],Rectangular,0.00011016523357163884 [=10%*PERHITUNGAN!$J$80],3.4641016151377544 [=SQRT(12)],50,3.180196362896184e-05 [=F68/G68],1,3.180196362896184e-05 [=I68*J68],1.0113648906578116e-09 [=K68^2],2.0457178841105744e-20 [=(L68^2)/H68],,,,,,,,,,,,,,,,,,,,,,,
,,Mass of Hydrometer in the air,g,Normal,0.0003713488925525428 [=$E$39],2,60,0.0001856744462762714 [=F69/G69],-0.10881102585593508 [=C55],-2.0203426974553796e-05 [=I69*J69],4.0817846151612797e-10 [=K69^2],2.776827607427886e-21 [=(L69^2)/H69],,,,,,,,,,,,,,,,,,,,,,,
,,Mass of Hydrometer in Liquid Ref,g,Normal,0.0003713488925525428 [=F69],2,60,0.0001856744462762714 [=F70/G70],0.15531405176676305 [=C58],2.883785056071788e-05 [=I70*J70],8.316216249622967e-10 [=K70^2],1.1526575451748848e-20 [=(L70^2)/H70],,,,,,,,,,,,,,,,,,,,,,,
,,Stem Diameter,cm,Rectangular,0 [=PERHITUNGAN!$N$27-PERHITUNGAN!$P$27],3.4641016151377544 [=SQRT(12)],50,0 [=F71/G71],2.1409067209711052 [=C57],0 [=I71*J71],0 [=K71^2],0 [=(L71^2)/H71],,,,,,,,,,,,,,,,,,,,,,,
,,Local Gravity,m/s2,Rectangular,0.0005,3.4641016151377544 [=SQRT(12)],50,0.00014433756729740645 [=F72/G72],-2.140898157374662 [=F55],-0.0003090120318669588 [=I72*J72],9.548843583854634e-08 [=K72^2],1.8236082757784363e-16 [=(L72^2)/H72],,,,,,,,,,,,,,,,,,,,,,,
,,Surface Tension of liquid reference,N/m,Rectangular,0 [=PERHITUNGAN!$L$53-PERHITUNGAN!$M$53],3.4641016151377544 [=SQRT(12)],50,0 [=F73/G73],0.09533803843207936 [=F57],0 [=I73*J73],0 [=K73^2],0 [=(L73^2)/H73],,,,,,,,,,,,,,,,,,,,,,,
,,Sum,,,,,,,,0.0001413917767529702 [=SUM(K63:K73)],1.909701293641265e-07 [=SUM(L63:L73)],3.642777895188377e-16 [=SUM(M63:M73)],,,,,,,,,,,,,,,,,,,,,,,
,,"Uncertainty Combination, uc",,,,,,,,0.000437001292176724 [=SQRT(L74)],,,,,,,,,,,,,,,,,,,,,,,,,
,,Veff,,,,,,,,100.1147787723283 [=(K75^4)/M74],,,,,,,,,,,,,,,,,,,,,,,,,
,,K Factor & Confident Level 95%,,,,,,,,"1.9839715185235556 [=TINV(0.05,K76)]",,,,,,,,,,,,,,,,,,,,,,,,,
,,"Expanded Uncertainty, U = k.Uc",,,,,,,,0.0008669981172366112 [=K75*K77],,,,,,,,,,,,,,,,,,,,,,,,,
,,,,,,,,,,CMC :,0.0007,g/ml,,,,,,,,,,,,,,,,,,,,,,,
,,,,,,,,,,U95% sert,0.0008669981172366112 [=MAX(K78:L79)],g/ml,,,,,,,,,,,,,,,,,,,,,,,
,SKALA 2,,,1.9 [=PERHITUNGAN!H33],g/ml,,,,,,,,,,,,,,,,,,,,,,,,,,,,,,
,,Ut,: ,Ketidakpastian Temperatur meter,,,0.36124783736376886 [=$N$43],oC,,,fta,:,Temperature Correction factor udara,,,1.4500000009011242 [=$Q$49],,,,,,,,,,,,,,,,,,,
,,Uth,: ,Ketidakpastian Thermohygro,,,1.2041594578792296 [=PERHITUNGAN!$P$15],oC,,,ftl,:,Temperature Correction factor liquid,,,1.4000000008009985 [=1+(PERHITUNGAN!$J$87*(PERHITUNGAN!H52-20))],,,,,,,,,,,,,,,,,,,
,,,,,,,3.1622776601683795 [=PERHITUNGAN!$P$16],%RH,,,,:,1.3973658323743223 [=PERHITUNGAN!H59*Q85],,,,,,,,,,,,,,,,,,,,,,
,,Uv,:,Ketidakpastian Vernier ,,,0.0015 [=$H$52],cm,,,,,,,,,,,,,,,,,,,,,,,,,,,
,,Koefisien Sensitivitas (7.9),,,Koefisien Sensitivitas (7.11),,,Koefisien Sensitivitas suhu air,,,,,,,,,,,,,,,,,,,,,,,,,,,
,,-0.11124518155454279 [=(((PERHITUNGAN!$J$82-PERHITUNGAN!H44+'NILAI U95%'!$E$44)*('NILAI U95%'!$H$44-'NILAI U95%'!$H$45))-(('NILAI U95%'!$H$44-'NILAI U95%'!$H$45)*(PERHITUNGAN!$J$82+'NILAI U95%'!$E$45)))*$O$55],Mass Hydrometer diudara,,-2.259151177616485 [=(((PERHITUNGAN!$J$82-PERHITUNGAN!H44+'NILAI U95%'!$E$44)*('NILAI U95%'!$H$44-'NILAI U95%'!$H$45)*(-'NILAI U95%'!$J$45)-(('NILAI U95%'!$H$44-'NILAI U95%'!$H$45)*(PERHITUNGAN!$J$82+'NILAI U95%'!$E$45)*(-'NILAI U95%'!$L$45)))*(PERHITUNGAN!$J$82-PERHITUNGAN!H44+'NILAI U95%'!$E$44)^-2)],Lokal Gravity,,3.5177171559161824 [=PERHITUNGAN!$L$59*(PERHITUNGAN!$J$82+'NILAI U95%'!$E$45)/(PERHITUNGAN!$J$82-PERHITUNGAN!H44+'NILAI U95%'!$E$44)],,,,,,0.0012360449719160157 [=(PERHITUNGAN!$J$82-PERHITUNGAN!H44+$E$44)^-2],,,,,,,,,,,,,,,,,,,,,
,,Koefisien Sensitivitas (7.10),,,Koefisien Sensitivitas (7.12),,,Koefisien Sensitivitas suhu udara,,,,,,,,,,,,,,,,,,,,,,,,,,,
,,2.2591602142211955 [=(((PERHITUNGAN!$J$82-PERHITUNGAN!H44+$E$44)*(($H$44-$H$45)*$E$45))-(($H$44-$H$45)*(PERHITUNGAN!$J$82+$E$45)*$E$44))*(PERHITUNGAN!$J$82-PERHITUNGAN!H44+$E$44)^-2],Stem Diameter,,0.10616095205954539 [=(($H$44-$H$45)*(PERHITUNGAN!$J$82+$E$45)*($E$43))*(PERHITUNGAN!$J$82-PERHITUNGAN!H44+$E$44)^-2],Surface Tension,,-0.0027809542996355676 [=PERHITUNGAN!$J$80-(PERHITUNGAN!$J$80*(PERHITUNGAN!$J$82+'NILAI U95%'!$E$45)/(PERHITUNGAN!$J$82-PERHITUNGAN!H44+'NILAI U95%'!$E$44))],,,,,,,,,,,,,,,,,,,,,,,,,,,
,,0.15531405176676305 [=((($H$44-$H$45)*(PERHITUNGAN!$J$82+'NILAI U95%'!$E$45)))*$O$55],Mass Hydrometer diCairan,,,,,,,,,,,,,,,,,,,,,,,,,,,,,,,,
2,,Component,Unit,Distribution,U,Divisor,vi,ui,ci,uici,(uici)2,(uici)4/vi,,,,,,,,,,,,,,,,,,,,,,,
,,(1),(2),(3),(4),(5),(6),(7),(8),(9),(10),(11),,,,,,,,,,,,,,,,,,,,,,,
,,Hydrometer Indication,g/ml [=$F$21],Rectangular,9.113856957707426e-05 [=PERHITUNGAN!H105],1.7320508075688772 [=SQRT(3)],2 [=3-1],5.261887767888126e-05 [=F97/G97],1,5.261887767888126e-05 [=I97*J97],2.7687462881850687e-09 [=K97^2],3.832978004169298e-18 [=(L97^2)/H97],,,,,,,,,,,,,,,,,,,,,,,
,,Resolution of Hydrometer,g/ml [=$F$21],Rectangular,0.001 [=$E$22],3.4641016151377544 [=SQRT(12)],50,0.0002886751345948129 [=F98/G98],1,0.0002886751345948129 [=I98*J98],8.333333333333334e-08 [=K98^2],1.388888888888889e-16 [=(L98^2)/H98],,,,,,,,,,,,,,,,,,,,,,,
,,Liquid Temperature,oC,Normal,2.9049999999999893e-11 [=(PERHITUNGAN!$J$85^2*$H$49^2)+((PERHITUNGAN!H52-20)^2*PERHITUNGAN!$J$85^2)],2,60,1.4524999999999946e-11 [=F99/G99],3.5177171559161824 [=I90],5.109484168968236e-11 [=I99*J99],2.6106828472937023e-21 [=K99^2],1.1359441548589255e-43 [=(L99^2)/H99],,,,,,,,,,,,,,,,,,,,,,,
,,Air Temperature,oC,Normal,1.6524999999999997e-10 [=(PERHITUNGAN!$J$85^2*'NILAI U95%'!$H$50^2)+((PERHITUNGAN!$G$15-20)^2*PERHITUNGAN!$J$85^2)],2,60,8.262499999999999e-11 [=F100/G100],-0.0027809542996355676 [=I92],-2.2977634900738874e-13 [=I100*J100],5.279717056316531e-26 [=K100^2],4.64590203245995e-53 [=(L100^2)/H100],,,,,,,,,,,,,,,,,,,,,,,
,,Density of Liquid Reference,g/ml [=$F$21],Normal,5e-05,2,60,2.5e-05 [=F101/G101],1,2.5e-05 [=I101*J101],6.25e-10 [=K101^2],6.5104166666666674e-21 [=(L101^2)/H101],,,,,,,,,,,,,,,,,,,,,,,
,,Density of Air,g/ml [=$F$21],Rectangular,0.00011016523357163884 [=10%*PERHITUNGAN!$J$80],3.4641016151377544 [=SQRT(12)],50,3.180196362896184e-05 [=F102/G102],1,3.180196362896184e-05 [=I102*J102],1.0113648906578116e-09 [=K102^2],2.0457178841105744e-20 [=(L102^2)/H102],,,,,,,,,,,,,,,,,,,,,,,
,,Mass of Hydrometer in the air,g,Normal,0.0003713488925525428 [=$E$39],2,60,0.0001856744462762714 [=F103/G103],-0.11124518155454279 [=C90],-2.0655387486043013e-05 [=I103*J103],4.266450321985823e-10 [=K103^2],3.033766391662155e-21 [=(L103^2)/H103],,,,,,,,,,,,,,,,,,,,,,,
,,Mass of Hydrometer in Liquid Ref,g,Normal,0.0003713488925525428 [=F103],2,60,0.0001856744462762714 [=F104/G104],0.15531405176676305 [=C93],2.883785056071788e-05 [=I104*J104],8.316216249622967e-10 [=K104^2],1.1526575451748848e-20 [=(L104^2)/H104],,,,,,,,,,,,,,,,,,,,,,,
,,Stem Diameter,cm,Rectangular,0 [=PERHITUNGAN!$N$27-PERHITUNGAN!$P$27],3.4641016151377544 [=SQRT(12)],50,0 [=F105/G105],2.2591602142211955 [=C92],0 [=I105*J105],0 [=K105^2],0 [=(L105^2)/H105],,,,,,,,,,,,,,,,,,,,,,,
,,Local Gravity,m/s2,Rectangular,0.0005,3.4641016151377544 [=SQRT(12)],50,0.00014433756729740645 [=F106/G106],-2.259151177616485 [=F90],-0.0003260803851342345 [=I106*J106],1.0632841756929069e-07 [=K106^2],2.261146476557889e-16 [=(L106^2)/H106],,,,,,,,,,,,,,,,,,,,,,,
,,Surface Tension of liquid reference,N/m,Rectangular,0 [=PERHITUNGAN!$L$53-PERHITUNGAN!$M$53],3.4641016151377544 [=SQRT(12)],50,0 [=F107/G107],0.10616095205954539 [=F92],0 [=I107*J107],0 [=K107^2],0 [=(L107^2)/H107],,,,,,,,,,,,,,,,,,,,,,,
,,Sum,,,,,,,,8.01981047081617e-05 [=SUM(K97:K107)],1.953251287386304e-07 [=SUM(L97:L107)],3.688780424861983e-16 [=SUM(M97:M107)],,,,,,,,,,,,,,,,,,,,,,,
,,"Uncertainty Combination, uc",,,,,,,,0.0004419560257973981 [=SQRT(L108)],,,,,,,,,,,,,,,,,,,,,,,,,
,,Veff,,,,,,,,103.4268823907837 [=(K109^4)/M108],,,,,,,,,,,,,,,,,,,,,,,,,
,,K Factor & Confident Level 95%,,,,,,,,"1.9832641447734605 [=TINV(0.05,K110)]",,,,,,,,,,,,,,,,,,,,,,,,,
,,"Expanded Uncertainty, U = k.Uc",,,,,,,,0.0008765155395305542 [=K109*K111],,,,,,,,,,,,,,,,,,,,,,,,,
,,,,,,,,,,CMC :,0.0007,g/ml,,,,,,,,,,,,,,,,,,,,,,,
,,,,,,,,,,U95% sert,0.0008765155395305542 [=MAX(K112:L113)],g/ml,,,,,,,,,,,,,,,,,,,,,,,
,SKALA 3,,,2 [=PERHITUNGAN!I33],g/ml,,,,,,,,,,,,,,,,,,,,,,,,,,,,,,
,,Ut,: ,Ketidakpastian Temperatur meter,,,0.36124783736376886 [=$N$43],oC,,,fta,:,Temperature Correction factor udara,,,1.4500000009011242 [=$Q$49],,,,,,,,,,,,,,,,,,,
,,Uth,: ,Ketidakpastian Thermohygro,,,1.2041594578792296 [=PERHITUNGAN!$P$15],oC,,,ftl,:,Temperature Correction factor liquid,,,1.4000000008009985 [=1+(PERHITUNGAN!$J$87*(PERHITUNGAN!I52-20))],,,,,,,,,,,,,,,,,,,
,,,,,,,3.1622776601683795 [=PERHITUNGAN!$P$16],%RH,,,,:,1.3973658323743223 [=PERHITUNGAN!I59*Q119],,,,,,,,,,,,,,,,,,,,,,
,,Uv,:,Ketidakpastian Vernier ,,,0.0015 [=$H$52],cm,,,,,,,,,,,,,,,,,,,,,,,,,,,
,,Koefisien Sensitivitas (7.9),,,Koefisien Sensitivitas (7.11),,,Koefisien Sensitivitas suhu air,,,,,,,,,,,,,,,,,,,,,,,,,,,
,,-0.11343808530839361 [=(((PERHITUNGAN!$J$82-PERHITUNGAN!I44+'NILAI U95%'!$E$44)*('NILAI U95%'!$H$44-'NILAI U95%'!$H$45))-(('NILAI U95%'!$H$44-'NILAI U95%'!$H$45)*(PERHITUNGAN!$J$82+'NILAI U95%'!$E$45)))*$O$55],Mass Hydrometer,,-2.377455280589944 [=(((PERHITUNGAN!$J$82-PERHITUNGAN!I44+'NILAI U95%'!$E$44)*('NILAI U95%'!$H$44-'NILAI U95%'!$H$45)*(-'NILAI U95%'!$J$45)-(('NILAI U95%'!$H$44-'NILAI U95%'!$H$45)*(PERHITUNGAN!$J$82+'NILAI U95%'!$E$45)*(-'NILAI U95%'!$L$45)))*(PERHITUNGAN!$J$82-PERHITUNGAN!I44+'NILAI U95%'!$E$44)^-2)],Lokal Gravity,,3.7019281917107314 [=PERHITUNGAN!$L$59*(PERHITUNGAN!$J$82+'NILAI U95%'!$E$45)/(PERHITUNGAN!$J$82-PERHITUNGAN!I44+'NILAI U95%'!$E$44)],,,,,,0.0013688895847179777 [=(PERHITUNGAN!$J$82-PERHITUNGAN!I44+$E$44)^-2],,,,,,,,,,,,,,,,,,,,,
,,Koefisien Sensitivitas (7.10),,,Koefisien Sensitivitas (7.12),,,Koefisien Sensitivitas suhu udara,,,,,,,,,,,,,,,,,,,,,,,,,,,
,,2.377464790411066 [=(((PERHITUNGAN!$J$82-PERHITUNGAN!I44+$E$44)*(($H$44-$H$45)*$E$45))-(($H$44-$H$45)*(PERHITUNGAN!$J$82+$E$45)*$E$44))*(PERHITUNGAN!$J$82-PERHITUNGAN!I44+$E$44)^-2],Stem Diameter,,0.11757065873807891 [=(($H$44-$H$45)*(PERHITUNGAN!$J$82+$E$45)*($E$43))*(PERHITUNGAN!$J$82-PERHITUNGAN!I44+$E$44)^-2],Surface Tension,,-0.002984273372255747 [=PERHITUNGAN!$J$80-(PERHITUNGAN!$J$80*(PERHITUNGAN!$J$82+'NILAI U95%'!$E$45)/(PERHITUNGAN!$J$82-PERHITUNGAN!I44+'NILAI U95%'!$E$44))],,,,,,,,,,,,,,,,,,,,,,,,,,,
,,0.15531405176676305 [=((($H$44-$H$45)*(PERHITUNGAN!$J$82+'NILAI U95%'!$E$45)))*$O$55],Mass Hydrometer diCairan,,,,,,,,,,,,,,,,,,,,,,,,,,,,,,,,
3,,Component,Unit,Distribution,U,Divisor,vi,ui,ci,uici,(uici)2,(uici)4/vi,,,,,,,,,,,,,,,,,,,,,,,
,,(1),(2),(3),(4),(5),(6),(7),(8),(9),(10),(11),,,,,,,,,,,,,,,,,,,,,,,
,,Hydrometer Indication,g/ml [=$F$21],Rectangular,8.441216882687723e-05 [=PERHITUNGAN!I105],1.7320508075688772 [=SQRT(3)],2 [=3-1],4.873538839507771e-05 [=F131/G131],1,4.873538839507771e-05 [=I131*J131],2.375138082019075e-09 [=K131^2],2.820640454328625e-18 [=(L131^2)/H131],,,,,,,,,,,,,,,,,,,,,,,
,,Resolution of Hydrometer,g/ml [=$F$21],Rectangular,0.001 [=$E$22],3.4641016151377544 [=SQRT(12)],50,0.0002886751345948129 [=F132/G132],1,0.0002886751345948129 [=I132*J132],8.333333333333334e-08 [=K132^2],1.388888888888889e-16 [=(L132^2)/H132],,,,,,,,,,,,,,,,,,,,,,,
,,Liquid Temperature,oC,Normal,2.9049999999999893e-11 [=(PERHITUNGAN!$J$85^2*$H$49^2)+((PERHITUNGAN!I52-20)^2*PERHITUNGAN!$J$85^2)],2,60,1.4524999999999946e-11 [=F133/G133],3.7019281917107314 [=I124],5.3770506984598176e-11 [=I133*J133],2.8912674213807213e-21 [=K133^2],1.3932378836562543e-43 [=(L133^2)/H133],,,,,,,,,,,,,,,,,,,,,,,
,,Air Temperature,oC,Normal,1.6524999999999997e-10 [=(PERHITUNGAN!$J$85^2*'NILAI U95%'!$H$50^2)+((PERHITUNGAN!$G$15-20)^2*PERHITUNGAN!$J$85^2)],2,60,8.262499999999999e-11 [=F134/G134],-0.002984273372255747 [=I126],-2.4657558738263105e-13 [=I134*J134],6.079952029308952e-26 [=K134^2],6.1609694464496745e-53 [=(L134^2)/H134],,,,,,,,,,,,,,,,,,,,,,,
,,Density of Liquid Reference,g/ml [=$F$21],Normal,5e-05,2,60,2.5e-05 [=F135/G135],1,2.5e-05 [=I135*J135],6.25e-10 [=K135^2],6.5104166666666674e-21 [=(L135^2)/H135],,,,,,,,,,,,,,,,,,,,,,,
,,Density of Air,g/ml [=$F$21],Rectangular,0.00011016523357163884 [=10%*PERHITUNGAN!$J$80],3.4641016151377544 [=SQRT(12)],50,3.180196362896184e-05 [=F136/G136],1,3.180196362896184e-05 [=I136*J136],1.0113648906578116e-09 [=K136^2],2.0457178841105744e-20 [=(L136^2)/H136],,,,,,,,,,,,,,,,,,,,,,,
,,Mass of Hydrometer in the air,g,Normal,0.0003713488925525428 [=$E$39],2,60,0.0001856744462762714 [=F137/G137],-0.11343808530839361 [=C124],-2.1062553676276423e-05 [=I137*J137],4.4363116736602546e-10 [=K137^2],3.2801435443090414e-21 [=(L137^2)/H137],,,,,,,,,,,,,,,,,,,,,,,
,,Mass of Hydrometer in Liquid Ref,g,Normal,0.0003713488925525428 [=F137],2,60,0.0001856744462762714 [=F138/G138],0.15531405176676305 [=C127],2.883785056071788e-05 [=I138*J138],8.316216249622967e-10 [=K138^2],1.1526575451748848e-20 [=(L138^2)/H138],,,,,,,,,,,,,,,,,,,,,,,
,,Stem Diameter,cm,Rectangular,0 [=PERHITUNGAN!$N$27-PERHITUNGAN!$P$27],3.4641016151377544 [=SQRT(12)],50,0 [=F139/G139],2.1409067209711052 [=C57],0 [=I139*J139],0 [=K139^2],0 [=(L139^2)/H139],,,,,,,,,,,,,,,,,,,,,,,
,,Local Gravity,m/s2,Rectangular,0.0005,3.4641016151377544 [=SQRT(12)],50,0.00014433756729740645 [=F140/G140],-2.377455280589944 [=F124],-0.00034315611155872537 [=I140*J140],1.1775611690010438e-07 [=K140^2],2.7733006134782097e-16 [=(L140^2)/H140],,,,,,,,,,,,,,,,,,,,,,,
,,Surface Tension of liquid reference,N/m,Rectangular,0 [=PERHITUNGAN!$L$53-PERHITUNGAN!$M$53],3.4641016151377544 [=SQRT(12)],50,0 [=F141/G141],0.11757065873807891 [=F126],0 [=I141*J141],0 [=K141^2],0 [=(L141^2)/H141],,,,,,,,,,,,,,,,,,,,,,,
,,Sum,,,,,,,,5.883172546849991e-05 [=SUM(K131:K141)],2.063762059984458e-07 [=SUM(L131:L141)],4.190813650055424e-16 [=SUM(M131:M141)],,,,,,,,,,,,,,,,,,,,,,,
,,"Uncertainty Combination, uc",,,,,,,,0.0004542864800964759 [=SQRT(L142)],,,,,,,,,,,,,,,,,,,,,,,,,
,,Veff,,,,,,,,101.62975965717222 [=(K143^4)/M142],,,,,,,,,,,,,,,,,,,,,,,,,
,,K Factor & Confident Level 95%,,,,,,,,"1.9837310029556046 [=TINV(0.05,K144)]",,,,,,,,,,,,,,,,,,,,,,,,,
,,"Expanded Uncertainty, U = k.Uc",,,,,,,,0.0009011821747909535 [=K143*K145],,,,,,,,,,,,,,,,,,,,,,,,,
,,,,,,,,,,CMC :,0.0007,g/ml,,,,,,,,,,,,,,,,,,,,,,,
,,,,,,,,,,U95% sert,0.0009011821747909535 [=MAX(K146:L147)],g/ml,,,,,,,,,,,,,,,,,,,,,,,
,SKALA 4,,,[=PERHITUNGAN!J33],g/ml,,,,,,,,,,,,,,,,,,,,,,,,,,,,,,
,,Ut,: ,Ketidakpastian Temperatur meter,,,0.36124783736376886 [=$N$43],oC,,,fta,:,Temperature Correction factor udara,,,1.4500000009011242 [=$Q$49],,,,,,,,,,,,,,,,,,,
,,Uth,: ,Ketidakpastian Thermohygro,,,1.2041594578792296 [=PERHITUNGAN!$P$15],oC,,,ftl,:,Temperature Correction factor liquid,,,#VALUE! [=1+(PERHITUNGAN!$J$87*(PERHITUNGAN!J52-20))],,,,,,,,,,,,,,,,,,,
,,,,,,,3.1622776601683795 [=PERHITUNGAN!$P$16],%RH,,,,:,#VALUE! [=PERHITUNGAN!J59*Q153],,,,,,,,,,,,,,,,,,,,,,
,,Uv,:,Ketidakpastian Vernier ,,,0.0015 [=$H$52],cm,,,,,,,,,,,,,,,,,,,,,,,,,,,
,,Koefisien Sensitivitas (7.9),,,Koefisien Sensitivitas (7.11),,,Koefisien Sensitivitas suhu air,,,,,,,,,,,,,,,,,,,,,,,,,,,
,,#VALUE! [=(((PERHITUNGAN!$R$80-PERHITUNGAN!J37+'NILAI U95%'!$E$44)*(N154-'NILAI U95%'!$H$45))-((N154-'NILAI U95%'!$H$45)*(PERHITUNGAN!$R$80+'NILAI U95%'!$E$45)))*O158],Mass Hydrometer,,#VALUE! [=(((PERHITUNGAN!$R$80-PERHITUNGAN!J37+'NILAI U95%'!$E$44)*(N154-'NILAI U95%'!$H$45)*(-'NILAI U95%'!$J$45)-((N154-'NILAI U95%'!$H$45)*(PERHITUNGAN!$R$80+'NILAI U95%'!$E$45)*(-'NILAI U95%'!$L$45)))*(PERHITUNGAN!$R$80-PERHITUNGAN!J37+'NILAI U95%'!$E$44)^-2)],Lokal Gravity,,1.8458248445125776 [=PERHITUNGAN!$L$59*(PERHITUNGAN!$R$80+'NILAI U95%'!$E$45)/(PERHITUNGAN!$R$80-PERHITUNGAN!J37+'NILAI U95%'!$E$44)],,,,,,0.00034032193254456016 [=((PERHITUNGAN!$R$80*PERHITUNGAN!$J$86)-(PERHITUNGAN!J37*PERHITUNGAN!$J$86)+$E$44)^-2],,,,,,,,,,,,,,,,,,,,,
,,Koefisien Sensitivitas (7.10),,,Koefisien Sensitivitas (7.12),,,Koefisien Sensitivitas suhu udara,,,,,,,,,,,,,,,,,,,,,,,,,,,
,,#VALUE! [=(((PERHITUNGAN!$R$80-PERHITUNGAN!J37+$E$44)*((N154-$H$45)*$E$45))-((N154-$H$45)*(PERHITUNGAN!$R$80+$E$45)*$E$44))*(PERHITUNGAN!$R$80-PERHITUNGAN!J37+$E$44)^-2],Stem Diameter,,#VALUE! [=((N154-$H$45)*(PERHITUNGAN!$R$80+$E$45)*(PERHITUNGAN!$J$84*PERHITUNGAN!$R$81/PERHITUNGAN!$J$86))/(PERHITUNGAN!$R$80-PERHITUNGAN!J37+$E$44)^2],Surface Tension,,-0.0009356381772371743 [=PERHITUNGAN!$J$80-(PERHITUNGAN!$J$80*(PERHITUNGAN!$R$80+'NILAI U95%'!$E$45)/(PERHITUNGAN!$R$80-PERHITUNGAN!J37+'NILAI U95%'!$E$44))],,,,,,,,,,,,,,,,,,,,,,,,,,,
,,#VALUE! [=(((N154-$H$45)*(PERHITUNGAN!$R$80+'NILAI U95%'!$E$45)))*O158],Mass Hydrometer diCairan,,,,,,,,,,,,,,,,,,,,,,,,,,,,,,,,
4,,Component,Unit,Distribution,U,Divisor,vi,ui,ci,uici,(uici)2,(uici)4/vi,,,,,,,,,,,,,,,,,,,,,,,
,,(1),(2),(3),(4),(5),(6),(7),(8),(9),(10),(11),,,,,,,,,,,,,,,,,,,,,,,
,,Hydrometer Indication,g/ml [=$F$21],Rectangular,#VALUE! [=PERHITUNGAN!J105],1.7320508075688772 [=SQRT(3)],2 [=3-1],#VALUE! [=F165/G165],1,#VALUE! [=I165*J165],#VALUE! [=K165^2],#VALUE! [=(L165^2)/H165],,,,,,,,,,,,,,,,,,,,,,,
,,Resolution of Hydrometer,g/ml [=$F$21],Rectangular,0.001 [=$E$22],3.4641016151377544 [=SQRT(12)],50,0.0002886751345948129 [=F166/G166],1,0.0002886751345948129 [=I166*J166],8.333333333333334e-08 [=K166^2],1.388888888888889e-16 [=(L166^2)/H166],,,,,,,,,,,,,,,,,,,,,,,
,,Liquid Temperature,oC,Normal,#VALUE! [=(PERHITUNGAN!$J$85^2*$H$49^2)+((PERHITUNGAN!J52-20)^2*PERHITUNGAN!$J$85^2)],2,60,#VALUE! [=F167/G167],1.8458248445125776 [=I158],#VALUE! [=I167*J167],#VALUE! [=K167^2],#VALUE! [=(L167^2)/H167],,,,,,,,,,,,,,,,,,,,,,,
,,Air Temperature,oC,Normal,1.6524999999999997e-10 [=(PERHITUNGAN!$J$85^2*'NILAI U95%'!$H$50^2)+((PERHITUNGAN!$G$15-20)^2*PERHITUNGAN!$J$85^2)],2,60,8.262499999999999e-11 [=F168/G168],-0.0009356381772371743 [=I160],-7.730710439422152e-14 [=I168*J168],5.976388389819064e-27 [=K168^2],5.9528696976606835e-55 [=(L168^2)/H168],,,,,,,,,,,,,,,,,,,,,,,
,,Density of Liquid Reference,g/ml [=$F$21],Normal,5e-05,2,60,2.5e-05 [=F169/G169],1,2.5e-05 [=I169*J169],6.25e-10 [=K169^2],6.5104166666666674e-21 [=(L169^2)/H169],,,,,,,,,,,,,,,,,,,,,,,
,,Density of Air,g/ml [=$F$21],Rectangular,0.00011016523357163884 [=10%*PERHITUNGAN!$J$80],3.4641016151377544 [=SQRT(12)],50,3.180196362896184e-05 [=F170/G170],1,3.180196362896184e-05 [=I170*J170],1.0113648906578116e-09 [=K170^2],2.0457178841105744e-20 [=(L170^2)/H170],,,,,,,,,,,,,,,,,,,,,,,
,,Mass of Hydrometer in the air,g,Normal,0.0003713488925525428 [=$E$39],2,60,0.0001856744462762714 [=F171/G171],#VALUE! [=C158],#VALUE! [=I171*J171],#VALUE! [=K171^2],#VALUE! [=(L171^2)/H171],,,,,,,,,,,,,,,,,,,,,,,
,,Mass of Hydrometer in Liquid Ref,g,Normal,0.0003713488925525428 [=F171],2,60,0.0001856744462762714 [=F172/G172],#VALUE! [=C161],#VALUE! [=I172*J172],#VALUE! [=K172^2],#VALUE! [=(L172^2)/H172],,,,,,,,,,,,,,,,,,,,,,,
,,Stem Diameter,cm,Rectangular,0 [=PERHITUNGAN!$N$27-PERHITUNGAN!$P$27],3.4641016151377544 [=SQRT(12)],52,0 [=F173/G173],0 [=H30],0 [=I173*J173],0 [=K173^2],0 [=(L173^2)/H173],,,,,,,,,,,,,,,,,,,,,,,
,,Local Gravity,m/s2,Rectangular,0.0005,3.4641016151377544 [=SQRT(12)],53,0.00014433756729740645 [=F174/G174],#VALUE! [=F158],#VALUE! [=I174*J174],#VALUE! [=K174^2],#VALUE! [=(L174^2)/H174],,,,,,,,,,,,,,,,,,,,,,,
,,Surface Tension of liquid reference,N/m,Rectangular,1.0000000000000002e-06 [=10%*PERHITUNGAN!$J$85],3.4641016151377544 [=SQRT(12)],54,2.8867513459481294e-07 [=F175/G175],#VALUE! [=F160],#VALUE! [=I175*J175],#VALUE! [=K175^2],#VALUE! [=(L175^2)/H175],,,,,,,,,,,,,,,,,,,,,,,
,,Sum,,,,,,,,#VALUE! [=SUM(K165:K175)],#VALUE! [=SUM(L165:L175)],#VALUE! [=SUM(M165:M175)],,,,,,,,,,,,,,,,,,,,,,,
,,"Uncertainty Combination, uc",,,,,,,,#VALUE! [=SQRT(L176)],,,,,,,,,,,,,,,,,,,,,,,,,
,,Veff,,,,,,,,#VALUE! [=(K177^4)/M176],,,,,,,,,,,,,,,,,,,,,,,,,
,,K Factor & Confident Level 95%,,,,,,,,"#VALUE! [=TINV(0.05,K178)]",,,,,,,,,,,,,,,,,,,,,,,,,
,,"Expanded Uncertainty, U = k.Uc",,,,,,,,#VALUE! [=K177*K179],,,,,,,,,,,,,,,,,,,,,,,,,
,,,,,,,,,,CMC :,0.0007,g/ml,,,,,,,,,,,,,,,,,,,,,,,
,,,,,,,,,,U95% sert,#VALUE! [=MAX(K180:L181)],g/ml,,,,,,,,,,,,,,,,,,,,,,,
,SKALA 5,,,[=PERHITUNGAN!K33],g/ml,,,,,,,,,,,,,,,,,,,,,,,,,,,,,,
,,Ut,: ,Ketidakpastian Temperatur meter,,,0.36124783736376886 [=$N$43],oC,,,fta,:,Temperature Correction factor udara,,,1.4500000009011242 [=$Q$49],,,,,,,,,,,,,,,,,,,
,,Uth,: ,Ketidakpastian Thermohygro,,,1.2041594578792296 [=PERHITUNGAN!$P$15],oC,,,ftl,:,Temperature Correction factor liquid,,,#VALUE! [=1+(PERHITUNGAN!$J$87*(PERHITUNGAN!K52-20))],,,,,,,,,,,,,,,,,,,
,,,,,,,3.1622776601683795 [=PERHITUNGAN!$P$16],%RH,,,,:,#VALUE! [=PERHITUNGAN!K59*Q187],,,,,,,,,,,,,,,,,,,,,,
,,Uv,:,Ketidakpastian Vernier ,,,0.0015 [=$H$52],cm,,,,,,,,,,,,,,,,,,,,,,,,,,,
,,Koefisien Sensitivitas (7.9),,,Koefisien Sensitivitas (7.11),,,Koefisien Sensitivitas suhu air,,,,,,0.00034032193254456016 [=((PERHITUNGAN!$R$80*PERHITUNGAN!$J$86)-(PERHITUNGAN!K37*PERHITUNGAN!$J$86)+$E$44)^-2],,,,,,,,,,,,,,,,,,,,,
,,#VALUE! [=(((PERHITUNGAN!$R$80-PERHITUNGAN!K37+'NILAI U95%'!$E$44)*(N188-'NILAI U95%'!$H$45))-((N188-'NILAI U95%'!$H$45)*(PERHITUNGAN!$R$80+'NILAI U95%'!$E$45)))*O191],Mass Hydrometer,,#VALUE! [=(((PERHITUNGAN!$R$80-PERHITUNGAN!K37+'NILAI U95%'!$E$44)*(N188-'NILAI U95%'!$H$45)*(-'NILAI U95%'!$J$45)-((N188-'NILAI U95%'!$H$45)*(PERHITUNGAN!$R$80+'NILAI U95%'!$E$45)*(-'NILAI U95%'!$L$45)))*(PERHITUNGAN!$R$80-PERHITUNGAN!K37+'NILAI U95%'!$E$44)^-2)],Lokal Gravity,,1.8458248445125776 [=PERHITUNGAN!$L$59*(PERHITUNGAN!$R$80+'NILAI U95%'!$E$45)/(PERHITUNGAN!$R$80-PERHITUNGAN!K37+'NILAI U95%'!$E$44)],,,,,,,,,,,,,,,,,,,,,,,,,,,
,,Koefisien Sensitivitas (7.10),,,Koefisien Sensitivitas (7.12),,,Koefisien Sensitivitas suhu udara,,,,,,,,,,,,,,,,,,,,,,,,,,,
,,#VALUE! [=(((PERHITUNGAN!$R$80-PERHITUNGAN!K37+$E$44)*((N188-$H$45)*$E$45))-((N188-$H$45)*(PERHITUNGAN!$R$80+$E$45)*$E$44))*(PERHITUNGAN!$R$80-PERHITUNGAN!K37+$E$44)^-2],Stem Diameter,,#VALUE! [=((N188-$H$45)*(PERHITUNGAN!$R$80+$E$45)*(PERHITUNGAN!$J$84*PERHITUNGAN!$R$81/PERHITUNGAN!$J$86))/(PERHITUNGAN!$R$80-PERHITUNGAN!K37+$E$44)^2],Surface Tension,,-0.0009356381772371743 [=PERHITUNGAN!$J$80-(PERHITUNGAN!$J$80*(PERHITUNGAN!$R$80+'NILAI U95%'!$E$45)/(PERHITUNGAN!$R$80-PERHITUNGAN!K37+'NILAI U95%'!$E$44))],,,,,,,,,,,,,,,,,,,,,,,,,,,
,,#VALUE! [=(((N188-$H$45)*(PERHITUNGAN!$R$80+'NILAI U95%'!$E$45)))*O191],Mass Hydrometer diCairan,,,,,,,,,,,,,,,,,,,,,,,,,,,,,,,,
5,,Component,Unit,Distribution,U,Divisor,vi,ui,ci,uici,(uici)2,(uici)4/vi,,,,,,,,,,,,,,,,,,,,,,,
,,(1),(2),(3),(4),(5),(6),(7),(8),(9),(10),(11),,,,,,,,,,,,,,,,,,,,,,,
,,Hydrometer Indication,g/ml [=$F$21],Rectangular,#VALUE! [=PERHITUNGAN!K105],1.7320508075688772 [=SQRT(3)],2 [=3-1],#VALUE! [=F199/G199],1,#VALUE! [=I199*J199],#VALUE! [=K199^2],#VALUE! [=(L199^2)/H199],,,,,,,,,,,,,,,,,,,,,,,
,,Resolution of Hydrometer,g/ml [=$F$21],Rectangular,0.001 [=$E$22],3.4641016151377544 [=SQRT(12)],50,0.0002886751345948129 [=F200/G200],1,0.0002886751345948129 [=I200*J200],8.333333333333334e-08 [=K200^2],1.388888888888889e-16 [=(L200^2)/H200],,,,,,,,,,,,,,,,,,,,,,,
,,Liquid Temperature,oC,Normal,#VALUE! [=(PERHITUNGAN!$J$85^2*$H$49^2)+((PERHITUNGAN!K52-20)^2*PERHITUNGAN!$J$85^2)],2,60,#VALUE! [=F201/G201],1.8458248445125776 [=I192],#VALUE! [=I201*J201],#VALUE! [=K201^2],#VALUE! [=(L201^2)/H201],,,,,,,,,,,,,,,,,,,,,,,
,,Air Temperature,oC,Normal,1.6524999999999997e-10 [=(PERHITUNGAN!$J$85^2*'NILAI U95%'!$H$50^2)+((PERHITUNGAN!$G$15-20)^2*PERHITUNGAN!$J$85^2)],2,60,8.262499999999999e-11 [=F202/G202],-0.0009356381772371743 [=I194],-7.730710439422152e-14 [=I202*J202],5.976388389819064e-27 [=K202^2],5.9528696976606835e-55 [=(L202^2)/H202],,,,,,,,,,,,,,,,,,,,,,,
,,Density of Liquid Reference,g/ml [=$F$21],Normal,5e-05,2,60,2.5e-05 [=F203/G203],1,2.5e-05 [=I203*J203],6.25e-10 [=K203^2],6.5104166666666674e-21 [=(L203^2)/H203],,,,,,,,,,,,,,,,,,,,,,,
,,Density of Air,g/ml [=$F$21],Rectangular,0.00011016523357163884 [=10%*PERHITUNGAN!$J$80],3.4641016151377544 [=SQRT(12)],50,3.180196362896184e-05 [=F204/G204],1,3.180196362896184e-05 [=I204*J204],1.0113648906578116e-09 [=K204^2],2.0457178841105744e-20 [=(L204^2)/H204],,,,,,,,,,,,,,,,,,,,,,,
,,Mass of Hydrometer in the air,g,Normal,0.0003713488925525428 [=$E$39],2,60,0.0001856744462762714 [=F205/G205],#VALUE! [=C192],#VALUE! [=I205*J205],#VALUE! [=K205^2],#VALUE! [=(L205^2)/H205],,,,,,,,,,,,,,,,,,,,,,,
,,Mass of Hydrometer in Liquid Ref,g,Normal,0.0003713488925525428 [=F205],2,60,0.0001856744462762714 [=F206/G206],#VALUE! [=C195],#VALUE! [=I206*J206],#VALUE! [=K206^2],#VALUE! [=(L206^2)/H206],,,,,,,,,,,,,,,,,,,,,,,
,,Stem Diameter,cm,Rectangular,0 [=PERHITUNGAN!$N$27-PERHITUNGAN!$P$27],3.4641016151377544 [=SQRT(12)],52,0 [=F207/G207],0.0013333333333333333 [=(0.01/15)*'INPUT DATA'!$E$15],0 [=I207*J207],0 [=K207^2],0 [=(L207^2)/H207],,,,,,,,,,,,,,,,,,,,,,,
,,Local Gravity,m/s2,Rectangular,0.0005,3.4641016151377544 [=SQRT(12)],53,0.00014433756729740645 [=F208/G208],#VALUE! [=F192],#VALUE! [=I208*J208],#VALUE! [=K208^2],#VALUE! [=(L208^2)/H208],,,,,,,,,,,,,,,,,,,,,,,
,,Surface Tension of liquid reference,N/m,Rectangular,1.0000000000000002e-06 [=10%*PERHITUNGAN!$J$85],3.4641016151377544 [=SQRT(12)],54,2.8867513459481294e-07 [=F209/G209],#VALUE! [=F194],#VALUE! [=I209*J209],#VALUE! [=K209^2],#VALUE! [=(L209^2)/H209],,,,,,,,,,,,,,,,,,,,,,,
,,Sum,,,,,,,,#VALUE! [=SUM(K199:K209)],#VALUE! [=SUM(L199:L209)],#VALUE! [=SUM(M199:M209)],,,,,,,,,,,,,,,,,,,,,,,
,,"Uncertainty Combination, uc",,,,,,,,#VALUE! [=SQRT(L210)],,,,,,,,,,,,,,,,,,,,,,,,,
,,Veff,,,,,,,,#VALUE! [=(K211^4)/M210],,,,,,,,,,,,,,,,,,,,,,,,,
,,K Factor & Confident Level 95%,,,,,,,,"#VALUE! [=TINV(0.05,K212)]",,,,,,,,,,,,,,,,,,,,,,,,,
,,"Expanded Uncertainty, U = k.Uc",,,,,,,,#VALUE! [=K211*K213],,,,,,,,,,,,,,,,,,,,,,,,,
,,,,,,,,,,CMC :,0.0007,g/ml,,,,,,,,,,,,,,,,,,,,,,,
,,,,,,,,,,U95% sert,#VALUE! [=MAX(K214:L215)],g/ml,,,,,,,,,,,,,,,,,,,,,,,
