,TABEL BUDGET KETIDAKPASTIAN INSTRUMEN,,,,,,,,,,,,,,,,,,,,,,,,,,,,,,,,,
,,,,,,,,,,,,,,,,,,,,,,,,,,,,,,,,,,
,Besaran yang diukur         ,:,Panjang Gelombang (nm),,,,,,,,,,,,,,,,,,,,,,,,,,,,,,,
,Nama Alat,:,Visible Spectrofotometer,,,,,,,,,,,,,,,,,,,,,,,,,,,,,,,
,,,,,,,,,,,,,,,,,,,,,,,,,,,,,,,,,,
,Rentang ukur,:,200-700,nm,,,,,,,,,,,,,,,,,,,,,,,,,,,,,,
,A. Filter Std. Holmium,,,,,,,,,,,,,,,,,,,,,,,,,,,,,,,,,
,Komponen,Satuan,Distribusi,U,Pembagi,vi,ui,ci,uici,(uici)2,(uici)4/vi,,Spectral Bandwidth,,Gap (nm),%,,,,,,,,,,,,,,,,,,
,(1),(2),(3),(4),(5),(6),(7),(8),(9),(10),(11),,1,2,,,,,,,,,,,,,,,,,,,,
,Standar Deviasi Max,nm,t-Student,0.15588457268125408,1.7320508075688772,2,0.11844666116576621,1,0.11844666116576621,0.01402961154131783,9.841500000013922e-05,,241.12,241.12,0,0,,,,,,,,,,,,,,,,,,
,Ketidakpastian Gelas Filter,nm,Normal,0.1,2,200,0.05,1,0.05,0.0025000000000000005,3.125000000000001e-08,,249.89,250.03,-0.14000000000001478,-0.056024650846378324,,,,,,,,,,,,,,,,,,
,Resolusi Alat ,nm,Rectangular,0.005,1.7320508075688772,1000000,0.002886751345948129,1,0.002886751345948129,8.333333333333334e-06,6.944444444444445e-17,,260.18,260.19,-0.009999999999990905,-0.003843492966404376,,,,,,,,,,,,,,,,,,
,Drift Standar Glass Filter,nm,Normal,0.010000000000000002,1.7320508075688772,50,0.005773502691896259,1,0.005773502691896259,3.333333333333335e-05,2.222222222222224e-11,,278.13,278.1,0.029999999999972715,0.01078632294249909,,,,,,,,,,,,,,,,,,
,Spectral Bandwidth,nm,Rectangular,0.07555555555555789,1.7320508075688772,50,0.043622020338773076,1,0.043622020338773076,0.001902880658436332,7.241909600502177e-08,,287.22,287.52,-0.2999999999999545,-0.10444955086691542,,,,,,,,,,,,,,,,,,
,,,,,,,,,,,,,293.38,293.43,-0.05000000000001137,-0.017042743199949337,,,,,,,,,,,,,,,,,,
,Jumlah,,,,,,,,0.22072893554238368,0.01847415886642083,9.851869131843591e-05,,333.48,333.47,0.009999999999990905,0.002998680580541833,,,,,,,,,,,,,,,,,,
,"Ketidakpastian baku gabungan, uc",,,,,,,,0.1359196779955751,,,,345.38,345.42,-0.040000000000020464,-0.011581446522676607,,,,,,,,,,,,,,,,,,
,"Derajat kebebasan efektif, veff",,,,,,,,3.4642618700507275,,,,361.25,361.12,0.12999999999999545,0.03598615916954891,,,,,,,,,,,,,,,,,,
,"Faktor cakupan, k & batas kepercayaan 95%",,,,,,,,3.182446305283709,,,,385.61,385.8,-0.18999999999999773,-0.0492725811052612,,,,,,,,,,,,,,,,,,
,"Ketidakpastian bentangan, U = k.Uc",,,,,,,,0.43255707705236945,,,,416.25,416.57,-0.3199999999999932,-0.07687687687687524,,,,,,,,,,,,,,,,,,
,,,,,,,,CMC :,0.4,,nm,,451.45,451.32,0.12999999999999545,0.028796101450879488,,,,,,,,,,,,,,,,,,
,,,,,,,    U95% sertifikat :,,0.43255707705236945,,nm,,467.82,467.9,-0.07999999999998408,-0.017100594245646635,,,,,,,,,,,,,,,,,,
,B. Filter Std. Didynium,,,,,,,,,,,,473.54,473.47,0.06999999999999318,0.014782278160238456,,,,,,,,,,,,,,,,,,
,Komponen,Satuan,Distribusi,U,Pembagi,vi,ui,ci,uici,(uici)2,(uici)4/vi,,485.23,485.25,-0.01999999999998181,-0.004121756692698681,,,,,,,,,,,,,,,,,,
,(1),(2),(3),(4),(5),(6),(7),(8),(9),(10),(11),,536.56,536.86,-0.3000000000000682,-0.055911734009256794,,,,,,,,,,,,,,,,,,
,Standar Deviasi Max,nm,t-Student,0.15011106998929746,1.7320508075688772,2,0.11405974778921205,1,0.11405974778921205,0.013009626065738663,8.462518518517341e-05,,640.5,640.79,-0.2899999999999636,-0.04527712724433468,,,,,,,,,,,,,,,,,,
,Ketidakpastian Gelas Filter,nm,Normal,0.2,2,200,0.1,1,0.1,0.010000000000000002,5.000000000000002e-07,,652.67,652.66,0.009999999999990905,0.0015321678643098204,,,,,,,,,,,,,,,,,,
,Resolusi Alat ,nm,Rectangular,0.005,1.7320508075688772,1000000,0.002886751345948129,1,0.002886751345948129,8.333333333333334e-06,6.944444444444445e-17,,,,,,,,,,,,,,,,,,,,,,,
,Drift Standar Glass Filter,nm,Normal,0.020000000000000004,1.7320508075688772,50,0.011547005383792518,1,0.011547005383792518,0.0001333333333333334,3.5555555555555586e-10,,Average (%),,,0.019256713578243316,,,,,,,,,,,,,,,,,,
,Spectral Bandwidth,nm,Rectangular,0.07555555555555789,1.7320508075688772,50,0.043622020338773076,1,0.043622020338773076,0.001902880658436332,7.241909600502177e-08,,Average (nm),,,0.07555555555555789,,,,,,,,,,,,,,,,,,
,,,,,,,,,,,,,Sumber : SNSU PK.F-01:2020 PANDUAN KALIBRASI SPEKTROFOTOMETER UV-VIS,,,,,,,,,,,,,,,,,,,,,
,Jumlah,,,,,,,,0.2721155248577258,0.02505417339084166,8.519795983680343e-05,,,,,,,,,,,,,,,,,,,,,,,
,"Ketidakpastian baku gabungan, uc",,,,,,,,0.15828510160732645,,,,,,,,,,,,,,,,,,,,,,,,,
,"Derajat kebebasan efektif, veff",,,,,,,,7.367683516139811,,,,,,,,,,,,,,,,,,,,,,,,,
,"Faktor cakupan, k & batas kepercayaan 95%",,,,,,,,2.364624251592785,,,,,,,,,,,,,,,,,,,,,,,,,
,"Ketidakpastian bentangan, U = k.Uc",,,,,,,,0.3742847899265122,,,,,,,,,,,,,,,,,,,,,,,,,
,,,,,,,,CMC :,0.4,,nm,,,,,,,,,,,,,,,,,,,,,,,
,,,,,,,    U95% sertifikat :,,0.4,,nm,,,,,,,,,,,,,,,,,,,,,,,
,,,,,,,,,,,,,,,,,,,,,,,,,,,,,,,,,,
,Besaran yang diukur         ,:,%Transmitan (Accuracy),,,,,,,,,,,,,,,,,,,,,,,,,,,,,,,
,Nama Alat,:,Visible Spectrofotometer,,,,,,,,,,,,,,,,,,,,,,,,,,,,,,,
,,,,,,,,,,,,,,,,,,,,,,,,,,,,,,,,,,
,Rentang ukur,:,0-100,%T,,,,,,,,,,,,,,,,,,,,,,,,,,,,,,
,Komponen,Satuan,Distribusi,U,Pembagi,vi,ui,ci,uici,(uici)2,(uici)4/vi,,,,,,,,,,,,,,,,,,,,,,,
,(1),(2),(3),(4),(5),(6),(7),(8),(9),(10),(11),,,,,,,,,,,,,,,,,,,,,,,
,Ketidakpastian Standar,%T,t-Student,0.5,2,200,0.25,1,0.25,0.0625,1.953125e-05,,,,,,,,,,,,,,,,,,,,,,,
,Keterulangan Pengukuran,%T,Normal,0.004098780306383994,2.449489742783178,5,0.0016733200530682146,1,0.0016733200530682146,2.8000000000002125e-06,1.5680000000002379e-12,,,,,,,,,,,,,,,,,,,,,,,
,Resolusi Alat,%T,Rectangular,0.0005,1.7320508075688772,1000000,0.0002886751345948129,1,0.0002886751345948129,8.333333333333334e-08,6.944444444444446e-21,,,,,,,,,,,,,,,,,,,,,,,
,Drift Standard,%T,Normal,0.05,1.7320508075688772,50,0.02886751345948129,1,0.02886751345948129,0.0008333333333333335,1.3888888888888894e-08,,,,,,,,,,,,,,,,,,,,,,,
,Spectral Bandwidth,nm,Rectangular,0.07555555555555789,1.7320508075688772,50,0.043622020338773076,0.006868686868687081,0.00029962599828653143,8.977573884920054e-08,1.6119366571839713e-16,,,,,,,,,,,,,,,,,,,,,,,
,,,,,,,,,,,,,,,,,,,,,,,,,,,,,,,,,,
,Jumlah,,,,,,,,0.03082950864714432,0.000836216666666667,1.3890456888895839e-08,,,,,,,,,,,,,,,,,,,,,,,
,"Ketidakpastian baku gabungan, uc",,,,,,,,0.028917411133548367,,,,,,,,,,,,,,,,,,,,,,,,,
,"Derajat kebebasan efektif, veff",,,,,,,,50.340915292002045,,,,,,,,,,,,,,,,,,,,,,,,,
,"Faktor cakupan, k & batas kepercayaan 95%",,,,,,,,2.008559112100761,,,,,,,,,,,,,,,,,,,,,,,,,
,"Ketidakpastian bentangan, U = k.Uc",,,,,,,,0.058082329630652574,,,,,,,,,,,,,,,,,,,,,,,,,
,,,,,,,,CMC :,0.5,,nm,,,,,,,,,,,,,,,,,,,,,,,
,,,,,,,    U95% sertifikat :,,0.5,,nm,,,,,,,,,,,,,,,,,,,,,,,
,,,,,,,,,,,,,,,,,,,,,,,,,,,,,,,,,,
,Besaran yang diukur         ,:,%Transmitan (SRE),,,,,,,,,,,,,,,,,,,,,,,,,,,,,,,
,Nama Alat,:,Visible Spectrofotometer,,,,,,,,,,,,,,,,,,,,,,,,,,,,,,,
,,,,,,,,,,,,,,,,,,,,,,,,,,,,,,,,,,
,Rentang ukur,:,300-900,%T,,,,,,,,,,,,,,,,,,,,,,,,,,,,,,
,Komponen,Satuan,Distribusi,U,Pembagi,vi,ui,ci,uici,(uici)2,(uici)4/vi,,,,,,,,,,,,,,,,,,,,,,,
,(1),(2),(3),(4),(5),(6),(7),(8),(9),(10),(11),,,,,,,,,,,,Average (%),,,#DIV/0!,,,,,,,,
,Ketidakpastian Standar,%T,Normal,0.5,2,60,0.25,1,0.25,0.0625,6.510416666666667e-05,,,,,,,,,,,,Average (nm),,,#DIV/0!,,,,,,,,
,Keterulangan Pengukuran,%T,Rectangular,0,2.449489742783178,5,0,1,0,0,0,,,,,,,,,,,,Sumber : SNSU PK.F-01:2020 PANDUAN KALIBRASI SPEKTROFOTOMETER UV-VIS,,,,,,,,,,,
,Resolusi Alat,%T,Rectangular,0.0005,1.7320508075688772,50,0.0002886751345948129,1,0.0002886751345948129,8.333333333333334e-08,1.388888888888889e-16,,,,,,,,,,,,,,,,,,,,,,,
,Drift Standard,%T,Normal,0.05,1.7320508075688772,60,0.02886751345948129,2,0.05773502691896258,0.003333333333333334,1.8518518518518526e-07,,,,,,,,,,,,,,,,,,,,,,,
,Jumlah,,,,,,,,0.2502886751345948,0.06250008333333333,6.510416666680555e-05,,,,,,,,,,,,,,,,,,,,,,,
,"Ketidakpastian baku gabungan, uc",,,,,,,,0.2500001666666111,,,,,,,,,,,,,,,,,,,,,,,,,
,"Derajat kebebasan efektif, veff",,,,,,,,60.000159999978685,,,,,,,,,,,,,,,,,,,,,,,,,
,"Faktor cakupan, k & batas kepercayaan 95%",,,,,,,,2.003180593851498,,,,,,,,,,,,,,,,,,,,,,,,,
,"Ketidakpastian bentangan, U = k.Uc",,,,,,,,0.5007954823261956,,,,,,,,,,,,,,,,,,,,,,,,,
,,,,,,,,,CMC :,0.5007954823261956,%T,,,,,,,,,,,,,,,,,,,,,,,
,,,,,,,    U95% sertifikat :,,0.5007954823261956,,nm,,,,,,,,,,,,,,,,,,,,,,,
,,,,,,,,,,,,,,,,,,,,,,,,,,,,,,,,,,
,,,,,,,,,,,,,,,,,,,,,,,,,,,,,,,,,,
,,,,,,,,,,,,,,,,,,,,,,,,,,,,,,,,,,
,,,,,,,,,,,,,,,,,,,,,,,,,,,,,,,,,,
,,,,,,,,,,,,,,,,,,,,,,,,,,,,,,,,,,
,,,,,,,,,,,,,,,,,,,,,,,,,,,,,,,,,,
,,,,,,,,,,,,,,,,,,,,,,,,,,,,,,,,,,
,,,,,,,,,,,,,,,,,,,,,,,,,,,,,,,,,,
,,,,,,,,,,,,,,,,,,,,,,,,,,,,,,,,,,
,,,,,,,,,,,,,,,,,,,,,,,,,,,,,,,,,,
,,,,,,,,,,,,,,,,,,,,,,,,,,,,,,,,,,
,,,,,,,,,,,,,,,,,,,,,,,,,,,,,,,,,,
,,,,,,,,,,,,,,,,,,,,,,,,,,,,,,,,,,
,,,,,,,,,,,,,,,,,,,,,,,,,,,,,,,,,,
,,,,,,,,,,,,,,,,,,,,,,,,,,,,,,,,,,
,,,,,,,,,,,,,,,,,,,,,,,,,,,,,,,,,,
,,,,,,,,,,,,,,,,,,,,,,,,,,,,,,,,,,
,,,,,,,,,,,,,,,,,,,,,,,,,,,,,,,,,,
,,,,,,,,,,,,,,,,,,,,,,,,,,,,,,,,,,
,"Faktor cakupan, k & batas kepercayaan 95%",,,,,,,,2.003180593851498,,,,,,,,,,,,,,,,,,,,,,,,,
,"Ketidakpastian bentangan, U = k.Uc",,,,,,,,0.5007954823261956,,,,,,,,,,,,,,,,,,,,,,,,,
,,,,,,,,CMC :,0.5007954823261956,,nm,,,,,,,,,,,,,,,,,,,,,,,
,,,,,,,    U95% sertifikat :,,0.5007954823261956,,nm,,,,,,,,,,,,,,,,,,,,,,,
,,,,,,,,,,,,,,,,,,,,,,,,,,,,,,,,,,
,,,,,,,,,,,,,,,,,,,,,,,,,,,,,,,,,,
