 ,TABEL BUDGET KETIDAKPASTIAN INSTRUMEN,,,,,,,,,,,,,,,,,,,,,,,,,,,,,,,,,,,,,,,,,,,
,,,,,,,,,,,,,,,,Temperature (UTemperature),,,,,,,,,,,,,,,,,,,,,,,,,,,,
,Nama Alat,,,,,,,,:,Refractometer,,,,,a.,U95% Thermometer Certificate (oC),,,,,,,b.,U95% Sensor Certificate (oC),,,,,,c.,Utemp. (oC),,,:,0.03935733730830886,,,,,,,,,
,Rentang Ukur,,,,,,,,:,1.7,,n20D,,,,U95% Thermometer,,,,:,0.07,,,U95% Sensor,,,:,0.036,,,,,,,,,,,,,,,,
,Ketelitian Baca,,,,,,,,:,0.0001,,n20D,,,,k,,,,:,2,,,k,,,:,2,,,,,,,,,,,,,,,,
,,,,,,,,,,,,,,,,Utemp. (oC),,,,:,0.035,,,Utemp. (oC),,,:,0.018,,,,,,,,,,,,,,,,
,1.33659,,n20D,,,,,,,,,,,,,,,,,,,,,,,,,,,,,,,,,,,,,,,,,
,Component,,,,,,,Unit,,Distribution,,,U,,,Divisor,,vi,,ui,,,ci,,uici,,,( uici )2,,,,( uici )4/ vi,,,,,,,,,,,,
,Ketidakpastian Kemurnian Standard Larutan Refracto,,,,,,,n20D,,normal,,,2.6e-05,,,1,,200,,2.6e-05,,,1,,2.6e-05,,,6.759999999999999e-10,,,,2.2848799999999996e-21,,,,,,,,,,,,
,Ketidakpastian Baku Daya Baca Alat yang dikalibrasi,,,,,,,n20D,,rect.,,,5e-05,,,1.7320508075688772,,1000000,,2.8867513459481293e-05,,,1,,2.8867513459481293e-05,,,8.333333333333336e-10,,,,6.944444444444448e-25,,,,,,,,,,,,
,Ketidakpastian Pengaruh Perbedaan Temperature,,,,,,,n20D,,rect.,,,-0.00045000000000006146,,,1.7320508075688772,,50,,-0.00025980762113536707,,,1,,-0.00025980762113536707,,,6.750000000001844e-08,,,,9.112500000004979e-17,,,,,,,,,,,,
,Ketidakpastian Temperature,,,,,,,oC,,normal,,,0.03935733730830886,,,2,,200,,0.01967866865415443,,,0.0001,,1.9678668654154428e-06,,,3.872500000000001e-12,,,,7.498128125000003e-26,,,,,,,,,,,,
,Ketidakpastian Baku Pengulangan Pembacaan,,,,,,,n20D,,t-student,,,0,,,2.23606797749979,,4,,0,,,1,,0,,,0,,,,0,,,,,,,,,,,,
,Jumlah,,,,,,,,,,,,,,,,,,,,,,,,,,,6.901320583335178e-08,,,,9.11272856494755e-17,,,,,,,,,,,,
,"Ketidakpastian Baku Gabungan , Uc",,,,,,,,,,,,,,,,,,,,,,,,,,,0.00026270364640284643,,,,,,,,,,,,,,,,
,"Derajat Kebebasan , v eff",,,,,,,,,,,,,,,,,,,,,,,,,,,52.26560349571864,,,,,,,,,,,,,,,,
,"Factor Cakupan , k=student's for v eff and CL 95 %",,,,,,,,,,,,,,,,,,,,,,,,,,,2.006646805061686,,,,,,,,,,,,,,,,
,"Ketidakpastian Bentangan  , U = k Uc",,,,,,,,,,,,,,,,,,,,,,,,,,,0.0005271534327323267,,,,n20D,,,,,,,,,,,,
,,,,,,,,,,,,,,,,,,,,,,,,,,,CMC Laboratory,6.2e-05,,,,n20D,,,,,,,,,,,,
,,,,,,,,,,,,,,,,,,,,,,,,,,,Uncertainty sertifikat,0.0005271534327323267,,,,n20D,,,,,,,,,,,,
,,,,,,,,,,,,,,,,,,,,,,,,,,,,,,,,,,,,,,,,,,,,
,1.39986,,n20D,,,,,,,,,,,,,,,,,,,,,,,,,,,,,,,,,,,,,,,,,
,Component,,,,,,,Unit,,Distribution,,,U,,,Divisor,,vi,,ui,,,ci,,uici,,,( uici )2,,,,( uici )4/ vi,,,,,,,,,,,,
,Ketidakpastian Kemurnian Standard Sukrosa,,,,,,,n20D,,rect.,,,3.7e-05,,,1,,200,,3.7e-05,,,1,,3.7e-05,,,1.369e-09,,,,9.370805e-21,,,,,,,,,,,,
,Ketidakpastian Baku Daya Baca Alat yang dikalibrasi,,,,,,,n20D,,rect.,,,5e-05,,,1.7320508075688772,,1000000,,2.8867513459481293e-05,,,1,,2.8867513459481293e-05,,,8.333333333333336e-10,,,,6.944444444444448e-25,,,,,,,,,,,,
,Ketidakpastian Pengaruh Perbedaan Temperature,,,,,,,n20D,,rect.,,,-0.00045000000000006146,,,1.7320508075688772,,50,,-0.00025980762113536707,,,1,,-0.00025980762113536707,,,6.750000000001844e-08,,,,9.112500000004979e-17,,,,,,,,,,,,
,Ketidakpastian Temperature,,,,,,,oC,,rect.,,,0.03935733730830886,,,2,,200,,0.01967866865415443,,,0.0001,,1.9678668654154428e-06,,,3.872500000000001e-12,,,,7.498128125000003e-26,,,,,,,,,,,,
,Ketidakpastian Baku Pengulangan Pembacaan,,,,,,,n20D,,t-student,,,0,,,2.23606797749979,,4,,0,,,1,,0,,,0,,,,0,,,,,,,,,,,,
,Jumlah,,,,,,,,,,,,,,,,,,,,,,,,,,,6.970620583335178e-08,,,,9.11343715744755e-17,,,,,,,,,,,,
,"Ketidakpastian Baku Gabungan , Uc",,,,,,,,,,,,,,,,,,,,,,,,,,,0.00026401932852227275,,,,,,,,,,,,,,,,
,"Derajat Kebebasan , v eff",,,,,,,,,,,,,,,,,,,,,,,,,,,53.316383793910745,,,,,,,,,,,,,,,,
,"Factor Cakupan , k=student's for v eff and CL 95 %",,,,,,,,,,,,,,,,,,,,,,,,,,,2.0057459953178696,,,,,,,,,,,,,,,,
,"Ketidakpastian Bentangan  , U = k Uc",,,,,,,,,,,,,,,,,,,,,,,,,,,0.0005295557108700615,,,,n20D,,,,,,,,,,,,
,,,,,,,,,,,,,,,,,,,,,,,,,,,CMC Laboratory,6.7e-05,,,,n20D,,,,,,,,,,,,
,,,,,,,,,,,,,,,,,,,,,,,,,,,Uncertainty sertifikat,0.0005295557108700615,,,,n20D,,,,,,,,,,,,
,,,,,,,,,,,,,,,,,,,,,,,,,,,,,,,,,,,,,,,,,,,,
,60,,n20D,,,,,,,,,,,,,,,,,,,,,,,,,,,,,,,,,,,,,,,,,
,Component,,,,,,,Unit,,Distribution,,,U,,,Divisor,,vi,,ui,,,ci,,uici,,,( uici )2,,,,( uici )4/ vi,,,,,,,,,,,#REF!,
,Ketidakpastian Baku Berat dari Sukrosa (Timbangan),,,,,,,gr,,normal,,,#REF!,,,1.7320508075688772,,60,,#REF!,,,#REF!,,#REF!,,,#REF!,,,,#REF!,,,,,,,,,,,,
,Ketidakpastian Kemurnian Standard Sukrosa,,,,,,,-,,rect.,,,3.7e-05,,,1.7320508075688772,,50,,2.1361959960016152e-05,,,1,,2.1361959960016152e-05,,,4.563333333333333e-10,,,,4.164802222222221e-21,,,,,,,,,,,,
,Ketidakpastian Berat Molekul Sukrosa,,,,,,,g/mol,,rect.,,,#REF!,,,1.7320508075688772,,50,,#REF!,,,#REF!,,#REF!,,,#REF!,,,,#REF!,,,,,,,,,,,,
,Ketidakpastian Baku Daya Baca Alat yang dikalibrasi,,,,,,,%Brix,,rect.,,,5e-05,,,1.7320508075688772,,50,,2.8867513459481293e-05,,,1,,2.8867513459481293e-05,,,8.333333333333336e-10,,,,1.3888888888888897e-20,,,,,,,,,,,,
,Ketidakpastian Temperature,,,,,,,%Brix,,rect.,,,-0.00045000000000006146,,,1.7320508075688772,,50,,-0.00025980762113536707,,,1,,-0.00025980762113536707,,,6.750000000001844e-08,,,,9.112500000004979e-17,,,,,,,,,,,,
,Ketidakpastian Baku Pengulangan Pembacaan,,,,,,,%Brix,,t-student,,,#DIV/0!,,,5,,4,,#DIV/0!,,,1,,#DIV/0!,,,#DIV/0!,,,,#DIV/0!,,,,,,,,,,,,
,Jumlah,,,,,,,,,,,,,,,,,,,,,,,,,,,#REF!,,,,#REF!,,,,,,,,,,,,
,"Ketidakpastian Baku Gabungan , Uc",,,,,,,,,,,,,,,,,,,,,,,,,,,#REF!,,,,,,,,,,,,,,,,
,"Derajat Kebebasan , v eff",,,,,,,,,,,,,,,,,,,,,,,,,,,#REF!,,,,,,,,,,,,,,,,
,"Factor Cakupan , k=student's for v eff and CL 95 %",,,,,,,,,,,,,,,,,,,,,,,,,,,#REF!,,,,,,,,,,,,,,,,
,"Ketidakpastian Bentangan  , U = k Uc",,,,,,,,,,,,,,,,,,,,,,,,,,,#REF!,,,,n20D,,,,,,,,,,,,
,,,,,,,,,,,,,,,,,,,,,,,,,,,CMC Laboratory,#REF!,,,,n20D,,,,,,,,,,,,
,,,,,,,,,,,,,,,,,,,,,,,,,,,Uncertainty sertifikat,#REF!,,,,n20D,,,,,,,,,,,,
,,,,,,,,,,,,,,,,,,,,,,,,,,,,,,,,,,,,,,,,,,,,
,,,,,,,,,,,,,,,,,,,,,,,,,,,,,,,,,,,,,,,,,,,,
,,,,,,,,,,,,,,,,,,,,,,,,,,,,,,,,,,,,,,,,,,,,
,,,,,,,,,,,,,,,,,,,,,,,,,,,,,,,,,,,,,,,,,,,,
,,,,,,,,,,,,,,,,,,,,,,,,,,,,,,,,,,,,,,,,,,,,
,,,,,,,,,,,,,,,,,,,,,,,,,,,,,,,,,,,,,,,,,,,,
,,,,,,,,,,,,,,,,,,,,,,,,,,,,,,,,,,,,,,,,,,,,
,,,,,,,,,,,,,,,,,,,,,,,,,,,,,,,,,,,,,,,,,,,,
,,,,,,,,,,,,,,,,,,,,,,,,,,,,,,,,,,,,,,,,,,,,
,,,,,,,,,,,,,,,,,,,,,,,,,,,,,,,,,,,,,,,,,,,,
,,,,,,,,,,,,,,,,,,,,,,,,,,,,,,,,,,,,,,,,,,,,
,,,,,,,,,,,,,,,,,,,,,,,,,,,,,,,,,,,,,,,,,,,,
,,,,,,,,,,,,,,,,,,,,,,,,,,,,,,,,,,,,,,,,,,,,
,,,,,,,,,,,,,,,,,,,,,,,,,,,,,,,,,,,,,,,,,,,,
,,,,,,,,,,,,,,,,,,,,,,,,,,,,,,,,,,,,,,,,,,,,
,,,,,,,,,,,,,,,,,,,,,,,,,,,,,,,,,,,,,,,,,,,,
,,,,,,,,,,,,,,,,,,,,,,,,,,,,,,,,,,,,,,,,,,,,
,,,,,,,,,,,,,,,,,,,,,,,,,,,,,,,,,,,,,,,,,,,,
,TABEL BUDGET KETIDAKPASTIAN INSTRUMEN,,,,,,,,,,,,,,,,,,,,,,,,,,,,,,,,,,,,,,,,,,,
,,,,,,,,,,,,,,,,,,,,,,,,,,,,,,,,,,,,,,,,,,,,
,Nama Alat,,,,,,,,:,Refractometer,,,,,,,,,,U95% Standar :,,,,,0,n20D,,,,,,,,,,,,,,,,,,
,Rentang Ukur,,,,,,,,:,1.7,,n20D,,,,,,,,,,,,,,,,,,,,,,,,,,,,,,,,
,Ketelitian Baca,,,,,,,,:,0.0001,,n20D,,,,,,,,,,,,,,,,,,,,,,,,,,,,,,,,
,,,,,,,,,,,,,,,,,,,,,,,,,,,,,,,,,,,,,,,,,,,,
,40,,n20D,,,,,,,,,,,,,,,,,,,,,,,,,,,,,,,,,,,,,,,,,
,Component,,,,,,,Unit,,Distribution,,,U,,,Divisor,,vi,,ui,,,ci,,uici,,,( uici )2,,,,( uici )4/ vi,,,,,,,,,,,,
,Ketidakpastian Baku Berat dari Sukrosa,,,,,,,n20D,,normal,,,0.000375,,,2,,60,,0.0001875,,,1,,0.0001875,,,3.515625e-08,,,,2.0599365234375002e-17,,,,,,,,,,,,
,Ketidakpastian Estimasi Standard Sukrosa,,,,,,,n20D,,rect.,,,0,,,1.7320508075688772,,50,,0,,,1,,0,,,0,,,,0,,,,,,,,,,,,
,Ketidakpastian Baku Daya Baca Alat yang dikalibrasi,,,,,,,n20D,,rect.,,,5e-05,,,1.7320508075688772,,50,,2.8867513459481293e-05,,,1,,2.8867513459481293e-05,,,8.333333333333336e-10,,,,1.3888888888888897e-20,,,,,,,,,,,,
,Ketidakpastian Temperature,,,,,,,n20D,,rect.,,,-0.00045000000000006146,,,1.7320508075688772,,50,,-0.00025980762113536707,,,1,,-0.00025980762113536707,,,6.750000000001844e-08,,,,9.112500000004979e-17,,,,,,,,,,,,
,Ketidakpastian Baku Pengulangan Pembacaan,,,,,,,n20D,,t-student,,,0,,,5,,4,,0,,,1,,0,,,0,,,,0,,,,,,,,,,,,
,Jumlah,,,,,,,,,,,,,,,,,,,,,,,,,,,1.0348958333335178e-07,,,,1.1173825412331367e-16,,,,,,,,,,,,
,"Ketidakpastian Baku Gabungan , Uc",,,,,,,,,,,,,,,,,,,,,,,,,,,0.000321697969115989,,,,,,,,,,,,,,,,
,"Derajat Kebebasan , v eff",,,,,,,,,,,,,,,,,,,,,,,,,,,95.84984070622019,,,,,,,,,,,,,,,,
,"Factor Cakupan , k=student's for v eff and CL 95 %",,,,,,,,,,,,,,,,,,,,,,,,,,,1.9852510035054973,,,,,,,,,,,,,,,,
,"Ketidakpastian Bentangan  , U = k Uc",,,,,,,,,,,,,,,,,,,,,,,,,,,0.0006386512160131976,,,,n20D,,,,,,,,,,,,
,,,,,,,,,,,,,,,,,,,,,,,,,,,CMC Laboratory,0.0006386512160131976,,,,n20D,,,,,,,,,,,,
,,,,,,,,,,,,,,,,,,,,,,,,,,,Uncertainty sertifikat,0.0006386512160131976,,,,n20D,,,,,,,,,,,,
,,,,,,,,,,,,,,,,,,,,,,,,,,,,,,,,,,,,,,,,,,,,
,TABEL BUDGET KETIDAKPASTIAN INSTRUMEN,,,,,,,,,,,,,,,,,,,,,,,,,,,,,,,,,,,,,,,,,,,
,,,,,,,,,,,,,,,,,,,,,,,,,,,,,,,,,,,,,,,,,,,,
,Nama Alat,,,,,,,,:,PH Meter,,,,,,,,,,U95% Standar :,,,,,0,n20D,,,,,,,,,,,,,,,,,,
,Rentang Ukur,,,,,,,,:,1.7,,n20D,,,,,,,,,,,,,,,,,,,,,,,,,,,,,,,,
,Ketelitian Baca,,,,,,,,:,0.0001,,n20D,,,,,,,,,,,,,,,,,,,,,,,,,,,,,,,,
,,,,,,,,,,,,,,,,,,,,,,,,,,,,,,,,,,,,,,,,,,,,
,#REF!,,n20D,,,,,,,,,,,,,,,,,,,,,,,,,,,,,,,,,,,,,,,,,
,Component,,,,,,,Unit,,Distribution,,,U,,,Divisor,,vi,,ui,,,ci,,uici,,,( uici )2,,,,( uici )4/ vi,,,,,,,,,,,,
,Ketidakpastian Baku Berat dari Sukrosa,,,,,,,n20D,,normal,,,0.000375,,,2,,60,,0.0001875,,,1,,0.0001875,,,3.515625e-08,,,,2.0599365234375002e-17,,,,,,,,,,,,
,Ketidakpastian Estimasi Standard Sukrosa,,,,,,,n20D,,rect.,,,0,,,1.7320508075688772,,50,,0,,,1,,0,,,0,,,,0,,,,,,,,,,,,
,Ketidakpastian Baku Daya Baca Alat yang dikalibrasi,,,,,,,n20D,,rect.,,,5e-05,,,1.7320508075688772,,50,,2.8867513459481293e-05,,,1,,2.8867513459481293e-05,,,8.333333333333336e-10,,,,1.3888888888888897e-20,,,,,,,,,,,,
,Ketidakpastian Temperature,,,,,,,n20D,,rect.,,,-0.00045000000000006146,,,1.7320508075688772,,50,,-0.00025980762113536707,,,1,,-0.00025980762113536707,,,6.750000000001844e-08,,,,9.112500000004979e-17,,,,,,,,,,,,
,Ketidakpastian Baku Pengulangan Pembacaan,,,,,,,n20D,,t-student,,,#DIV/0!,,,5,,4,,#DIV/0!,,,1,,#DIV/0!,,,#DIV/0!,,,,#DIV/0!,,,,,,,,,,,,
,Jumlah,,,,,,,,,,,,,,,,,,,,,,,,,,,#DIV/0!,,,,#DIV/0!,,,,,,,,,,,,
,"Ketidakpastian Baku Gabungan , Uc",,,,,,,,,,,,,,,,,,,,,,,,,,,#DIV/0!,,,,,,,,,,,,,,,,
,"Derajat Kebebasan , v eff",,,,,,,,,,,,,,,,,,,,,,,,,,,#DIV/0!,,,,,,,,,,,,,,,,
,"Factor Cakupan , k=student's for v eff and CL 95 %",,,,,,,,,,,,,,,,,,,,,,,,,,,#DIV/0!,,,,,,,,,,,,,,,,
,"Ketidakpastian Bentangan  , U = k Uc",,,,,,,,,,,,,,,,,,,,,,,,,,,#DIV/0!,,,,n20D,,,,,,,,,,,,
,,,,,,,,,,,,,,,,,,,,,,,,,,,CMC Laboratory,#DIV/0!,,,,n20D,,,,,,,,,,,,
,,,,,,,,,,,,,,,,,,,,,,,,,,,Uncertainty sertifikat,#DIV/0!,,,,n20D,,,,,,,,,,,,
